测点id,测点名称,数值类型,单位,用户,用户代码,通讯协议,测点类型,参数1,参数2,参数3,数据来源用户,数据来源用户代码,数据来源用户通讯协议,数据来源测点,数据去向用户,数据去向用户代码,数据去向用户通讯协议,数据去向测点,参数1,参数2,参数3
FZXT10001-b,主操作台急停,bool,/,仿真系统,FZXT,TCP,输出,,,,,,,,三维感知,SWGZ,TCP,主操作台急停,,,,
FZXT10001-b,主操作台急停,bool,/,仿真系统,FZXT,TCP,输出,,,,,,,,虚拟操作,XNCZ,OPC UA客户端,主操作台急停,1,S,FZXT10001_B,
FZXT10002-b,变频柜急停,bool,/,仿真系统,FZXT,TCP,输出,,,,,,,,三维感知,SWGZ,TCP,变频柜急停,,,,
FZXT10002-b,变频柜急停,bool,/,仿真系统,FZXT,TCP,输出,,,,,,,,虚拟操作,XNCZ,OPC UA客户端,变频柜急停,1,S,FZXT10002_B,
FZXT10003-b,FT005流量超限停机,bool,/,仿真系统,FZXT,TCP,输出,,,,,,,,三维感知,SWGZ,TCP,FT005流量超限停机,,,,
FZXT10003-b,FT005流量超限停机,bool,/,仿真系统,FZXT,TCP,输出,,,,,,,,虚拟操作,XNCZ,OPC UA客户端,FT005流量超限停机,1,S,FZXT10003_B,
FZXT10004-b,主控制柜急停,bool,/,仿真系统,FZXT,TCP,输出,,,,,,,,三维感知,SWGZ,TCP,主控制柜急停,,,,
FZXT10004-b,主控制柜急停,bool,/,仿真系统,FZXT,TCP,输出,,,,,,,,虚拟操作,XNCZ,OPC UA客户端,主控制柜急停,1,S,FZXT10004_B,
FZXT10005-b,低压泵返回故障,bool,/,仿真系统,FZXT,TCP,输出,,,,,,,,三维感知,SWGZ,TCP,低压泵返回故障,,,,
FZXT10005-b,低压泵返回故障,bool,/,仿真系统,FZXT,TCP,输出,,,,,,,,虚拟操作,XNCZ,OPC UA客户端,低压泵返回故障,1,S,FZXT10005_B,
FZXT10006-b,被试泵运行返回故障,bool,/,仿真系统,FZXT,TCP,输出,,,,,,,,三维感知,SWGZ,TCP,被试泵运行返回故障,,,,
FZXT10006-b,被试泵运行返回故障,bool,/,仿真系统,FZXT,TCP,输出,,,,,,,,虚拟操作,XNCZ,OPC UA客户端,被试泵运行返回故障,1,S,FZXT10006_B,
FZXT10007-b,辅助低压泵后压力上限停机,bool,/,仿真系统,FZXT,TCP,输出,,,,,,,,三维感知,SWGZ,TCP,辅助低压泵后压力上限停机,,,,
FZXT10007-b,辅助低压泵后压力上限停机,bool,/,仿真系统,FZXT,TCP,输出,,,,,,,,虚拟操作,XNCZ,OPC UA客户端,辅助低压泵后压力上限停机,1,S,FZXT10007_B,
FZXT10008-b,被试泵入口压力下限停机,bool,/,仿真系统,FZXT,TCP,输出,,,,,,,,三维感知,SWGZ,TCP,被试泵入口压力下限停机,,,,
FZXT10008-b,被试泵入口压力下限停机,bool,/,仿真系统,FZXT,TCP,输出,,,,,,,,虚拟操作,XNCZ,OPC UA客户端,被试泵入口压力下限停机,1,S,FZXT10008_B,
FZXT10009-b,被试泵出口压力上限停机,bool,/,仿真系统,FZXT,TCP,输出,,,,,,,,三维感知,SWGZ,TCP,被试泵出口压力上限停机,,,,
FZXT10009-b,被试泵出口压力上限停机,bool,/,仿真系统,FZXT,TCP,输出,,,,,,,,虚拟操作,XNCZ,OPC UA客户端,被试泵出口压力上限停机,1,S,FZXT10009_B,
FZXT10010-b,冷却水压力下限停机,bool,/,仿真系统,FZXT,TCP,输出,,,,,,,,三维感知,SWGZ,TCP,冷却水压力下限停机,,,,
FZXT10010-b,冷却水压力下限停机,bool,/,仿真系统,FZXT,TCP,输出,,,,,,,,虚拟操作,XNCZ,OPC UA客户端,冷却水压力下限停机,1,S,FZXT10010_B,
FZXT10011-b,被试泵转速超限停机,bool,/,仿真系统,FZXT,TCP,输出,,,,,,,,三维感知,SWGZ,TCP,被试泵转速超限停机,,,,
FZXT10011-b,被试泵转速超限停机,bool,/,仿真系统,FZXT,TCP,输出,,,,,,,,虚拟操作,XNCZ,OPC UA客户端,被试泵转速超限停机,1,S,FZXT10011_B,
FZXT10012-b,被试泵入口温度上限停机,bool,/,仿真系统,FZXT,TCP,输出,,,,,,,,三维感知,SWGZ,TCP,被试泵入口温度上限停机,,,,
FZXT10012-b,被试泵入口温度上限停机,bool,/,仿真系统,FZXT,TCP,输出,,,,,,,,虚拟操作,XNCZ,OPC UA客户端,被试泵入口温度上限停机,1,S,FZXT10012_B,
FZXT10013-b,油门杆动作,bool,/,仿真系统,FZXT,TCP,输出,,,,,,,,三维感知,SWGZ,TCP,油门杆动作,,,,
FZXT10013-b,油门杆动作,bool,/,仿真系统,FZXT,TCP,输出,,,,,,,,虚拟操作,XNCZ,OPC UA客户端,油门杆动作,1,S,FZXT10013_B,
FZXT10014-b,油门杆供电正常,bool,/,仿真系统,FZXT,TCP,输出,,,,,,,,三维感知,SWGZ,TCP,油门杆供电正常,,,,
FZXT10014-b,油门杆供电正常,bool,/,仿真系统,FZXT,TCP,输出,,,,,,,,虚拟操作,XNCZ,OPC UA客户端,油门杆供电正常,1,S,FZXT10014_B,
FZXT10015-b,反馈板电源正常,bool,/,仿真系统,FZXT,TCP,输出,,,,,,,,三维感知,SWGZ,TCP,反馈板电源正常,,,,
FZXT10015-b,反馈板电源正常,bool,/,仿真系统,FZXT,TCP,输出,,,,,,,,虚拟操作,XNCZ,OPC UA客户端,反馈板电源正常,1,S,FZXT10015_B,
FZXT10016-b,使能停止校验,bool,/,仿真系统,FZXT,TCP,输出,,,,,,,,三维感知,SWGZ,TCP,使能停止校验,,,,
FZXT10016-b,使能停止校验,bool,/,仿真系统,FZXT,TCP,输出,,,,,,,,虚拟操作,XNCZ,OPC UA客户端,使能停止校验,1,S,FZXT10016_B,
FZXT10017-b,停车开关关信号,bool,/,仿真系统,FZXT,TCP,输出,,,,,,,,三维感知,SWGZ,TCP,停车开关关信号,,,,
FZXT10017-b,停车开关关信号,bool,/,仿真系统,FZXT,TCP,输出,,,,,,,,虚拟操作,XNCZ,OPC UA客户端,停车开关关信号,1,S,FZXT10017_B,
FZXT10018-b,停车开关开信号,bool,/,仿真系统,FZXT,TCP,输出,,,,,,,,三维感知,SWGZ,TCP,停车开关开信号,,,,
FZXT10018-b,停车开关开信号,bool,/,仿真系统,FZXT,TCP,输出,,,,,,,,虚拟操作,XNCZ,OPC UA客户端,停车开关开信号,1,S,FZXT10018_B,
FZXT10019-b,低压泵运行反馈,bool,/,仿真系统,FZXT,TCP,输出,,,,,,,,三维感知,SWGZ,TCP,低压泵运行反馈,,,,
FZXT10019-b,低压泵运行反馈,bool,/,仿真系统,FZXT,TCP,输出,,,,,,,,虚拟操作,XNCZ,OPC UA客户端,低压泵运行反馈,1,S,FZXT10019_B,
FZXT10020-b,滑油泵运行反馈,bool,/,仿真系统,FZXT,TCP,输出,,,,,,,,三维感知,SWGZ,TCP,滑油泵运行反馈,,,,
FZXT10020-b,滑油泵运行反馈,bool,/,仿真系统,FZXT,TCP,输出,,,,,,,,虚拟操作,XNCZ,OPC UA客户端,滑油泵运行反馈,1,S,FZXT10020_B,
FZXT10021-b,被试泵运行反馈,bool,/,仿真系统,FZXT,TCP,输出,,,,,,,,三维感知,SWGZ,TCP,被试泵运行反馈,,,,
FZXT10021-b,被试泵运行反馈,bool,/,仿真系统,FZXT,TCP,输出,,,,,,,,虚拟操作,XNCZ,OPC UA客户端,被试泵运行反馈,1,S,FZXT10021_B,
FZXT10022-b,上位机手动故障复位,bool,/,仿真系统,FZXT,TCP,输出,,,,,,,,三维感知,SWGZ,TCP,上位机手动故障复位,,,,
FZXT10022-b,上位机手动故障复位,bool,/,仿真系统,FZXT,TCP,输出,,,,,,,,虚拟操作,XNCZ,OPC UA客户端,上位机手动故障复位,1,S,FZXT10022_B,
FZXT10023-b,油门设定值偏差报警,bool,/,仿真系统,FZXT,TCP,输出,,,,,,,,三维感知,SWGZ,TCP,油门设定值偏差报警,,,,
FZXT10023-b,油门设定值偏差报警,bool,/,仿真系统,FZXT,TCP,输出,,,,,,,,虚拟操作,XNCZ,OPC UA客户端,油门设定值偏差报警,1,S,FZXT10023_B,
FZXT10024-b,油门输入输出差报警,bool,/,仿真系统,FZXT,TCP,输出,,,,,,,,三维感知,SWGZ,TCP,油门输入输出差报警,,,,
FZXT10024-b,油门输入输出差报警,bool,/,仿真系统,FZXT,TCP,输出,,,,,,,,虚拟操作,XNCZ,OPC UA客户端,油门输入输出差报警,1,S,FZXT10024_B,
FZXT10025-b,FCV001输入输出差值报警,bool,/,仿真系统,FZXT,TCP,输出,,,,,,,,三维感知,SWGZ,TCP,FCV001输入输出差值报警,,,,
FZXT10025-b,FCV001输入输出差值报警,bool,/,仿真系统,FZXT,TCP,输出,,,,,,,,虚拟操作,XNCZ,OPC UA客户端,FCV001输入输出差值报警,1,S,FZXT10025_B,
FZXT10026-b,FCV002输入输出差值报警,bool,/,仿真系统,FZXT,TCP,输出,,,,,,,,三维感知,SWGZ,TCP,FCV002输入输出差值报警,,,,
FZXT10026-b,FCV002输入输出差值报警,bool,/,仿真系统,FZXT,TCP,输出,,,,,,,,虚拟操作,XNCZ,OPC UA客户端,FCV002输入输出差值报警,1,S,FZXT10026_B,
FZXT10027-b,FT005流量超限报警,bool,/,仿真系统,FZXT,TCP,输出,,,,,,,,三维感知,SWGZ,TCP,FT005流量超限报警,,,,
FZXT10027-b,FT005流量超限报警,bool,/,仿真系统,FZXT,TCP,输出,,,,,,,,虚拟操作,XNCZ,OPC UA客户端,FT005流量超限报警,1,S,FZXT10027_B,
FZXT10028-b,低压泵后压力上限报警,bool,/,仿真系统,FZXT,TCP,输出,,,,,,,,三维感知,SWGZ,TCP,低压泵后压力上限报警,,,,
FZXT10028-b,低压泵后压力上限报警,bool,/,仿真系统,FZXT,TCP,输出,,,,,,,,虚拟操作,XNCZ,OPC UA客户端,低压泵后压力上限报警,1,S,FZXT10028_B,
FZXT10029-b,被试泵入口压力下限报警,bool,/,仿真系统,FZXT,TCP,输出,,,,,,,,三维感知,SWGZ,TCP,被试泵入口压力下限报警,,,,
FZXT10029-b,被试泵入口压力下限报警,bool,/,仿真系统,FZXT,TCP,输出,,,,,,,,虚拟操作,XNCZ,OPC UA客户端,被试泵入口压力下限报警,1,S,FZXT10029_B,
FZXT10030-b,被试泵出口压力上限报警,bool,/,仿真系统,FZXT,TCP,输出,,,,,,,,三维感知,SWGZ,TCP,被试泵出口压力上限报警,,,,
FZXT10030-b,被试泵出口压力上限报警,bool,/,仿真系统,FZXT,TCP,输出,,,,,,,,虚拟操作,XNCZ,OPC UA客户端,被试泵出口压力上限报警,1,S,FZXT10030_B,
FZXT10031-b,自动油滤压力上限报警,bool,/,仿真系统,FZXT,TCP,输出,,,,,,,,三维感知,SWGZ,TCP,自动油滤压力上限报警,,,,
FZXT10031-b,自动油滤压力上限报警,bool,/,仿真系统,FZXT,TCP,输出,,,,,,,,虚拟操作,XNCZ,OPC UA客户端,自动油滤压力上限报警,1,S,FZXT10031_B,
FZXT10032-b,冷却水压力下限报警,bool,/,仿真系统,FZXT,TCP,输出,,,,,,,,三维感知,SWGZ,TCP,冷却水压力下限报警,,,,
FZXT10032-b,冷却水压力下限报警,bool,/,仿真系统,FZXT,TCP,输出,,,,,,,,虚拟操作,XNCZ,OPC UA客户端,冷却水压力下限报警,1,S,FZXT10032_B,
FZXT10033-b,被试泵转速超范围报警,bool,/,仿真系统,FZXT,TCP,输出,,,,,,,,三维感知,SWGZ,TCP,被试泵转速超范围报警,,,,
FZXT10033-b,被试泵转速超范围报警,bool,/,仿真系统,FZXT,TCP,输出,,,,,,,,虚拟操作,XNCZ,OPC UA客户端,被试泵转速超范围报警,1,S,FZXT10033_B,
FZXT10034-b,转速输入输出差值报警,bool,/,仿真系统,FZXT,TCP,输出,,,,,,,,三维感知,SWGZ,TCP,转速输入输出差值报警,,,,
FZXT10034-b,转速输入输出差值报警,bool,/,仿真系统,FZXT,TCP,输出,,,,,,,,虚拟操作,XNCZ,OPC UA客户端,转速输入输出差值报警,1,S,FZXT10034_B,
FZXT10035-b,被试泵入口温度上限报警,bool,/,仿真系统,FZXT,TCP,输出,,,,,,,,三维感知,SWGZ,TCP,被试泵入口温度上限报警,,,,
FZXT10035-b,被试泵入口温度上限报警,bool,/,仿真系统,FZXT,TCP,输出,,,,,,,,虚拟操作,XNCZ,OPC UA客户端,被试泵入口温度上限报警,1,S,FZXT10035_B,
FZXT10036-d,低压电动调节阀输出,double,%,仿真系统,FZXT,TCP,输出,,,,,,,,三维感知,SWGZ,TCP,低压电动调节阀输出,,,,
FZXT10036-d,低压电动调节阀输出,double,%,仿真系统,FZXT,TCP,输出,,,,,,,,虚拟操作,XNCZ,OPC UA客户端,低压电动调节阀输出,1,S,FZXT10036_D,
FZXT10037-d,高压电动调节阀输出,double,%,仿真系统,FZXT,TCP,输出,,,,,,,,三维感知,SWGZ,TCP,高压电动调节阀输出,,,,
FZXT10037-d,高压电动调节阀输出,double,%,仿真系统,FZXT,TCP,输出,,,,,,,,虚拟操作,XNCZ,OPC UA客户端,高压电动调节阀输出,1,S,FZXT10037_D,
FZXT10038-d,油门位置反馈,double,°,仿真系统,FZXT,TCP,输出,,,,,,,,三维感知,SWGZ,TCP,油门位置反馈,,,,
FZXT10038-d,油门位置反馈,double,°,仿真系统,FZXT,TCP,输出,,,,,,,,虚拟操作,XNCZ,OPC UA客户端,油门位置反馈,1,S,FZXT10038_D,
FZXT10039-d,被试泵转速,double,r/min,仿真系统,FZXT,TCP,输出,,,,,,,,三维感知,SWGZ,TCP,被试泵转速,,,,
FZXT10039-d,被试泵转速,double,r/min,仿真系统,FZXT,TCP,输出,,,,,,,,虚拟操作,XNCZ,OPC UA客户端,被试泵转速,1,S,FZXT10039_D,
FZXT10040-b,低压供油系统截止阀,bool,/,仿真系统,FZXT,TCP,输出,,,,,,,,三维感知,SWGZ,TCP,低压供油系统截止阀,,,,
FZXT10040-b,低压供油系统截止阀,bool,/,仿真系统,FZXT,TCP,输出,,,,,,,,虚拟操作,XNCZ,OPC UA客户端,低压供油系统截止阀,1,S,FZXT10040_B,
FZXT10041-b,冷却水供水手动截止阀,bool,/,仿真系统,FZXT,TCP,输出,,,,,,,,三维感知,SWGZ,TCP,冷却水供水手动截止阀,,,,
FZXT10041-b,冷却水供水手动截止阀,bool,/,仿真系统,FZXT,TCP,输出,,,,,,,,虚拟操作,XNCZ,OPC UA客户端,冷却水供水手动截止阀,1,S,FZXT10041_B,
FZXT10042-b,起动油路燃油电磁阀,bool,/,仿真系统,FZXT,TCP,输出,,,,,,,,三维感知,SWGZ,TCP,起动油路燃油电磁阀,,,,
FZXT10042-b,起动油路燃油电磁阀,bool,/,仿真系统,FZXT,TCP,输出,,,,,,,,虚拟操作,XNCZ,OPC UA客户端,起动油路燃油电磁阀,1,S,FZXT10042_B,
FZXT10043-b,故障排放阀,bool,/,仿真系统,FZXT,TCP,输出,,,,,,,,三维感知,SWGZ,TCP,故障排放阀,,,,
FZXT10043-b,故障排放阀,bool,/,仿真系统,FZXT,TCP,输出,,,,,,,,虚拟操作,XNCZ,OPC UA客户端,故障排放阀,1,S,FZXT10043_B,
FZXT20001-d,低压泵后压力,double,MPa,仿真系统,FZXT,TCP,输出,,,,,,,,三维感知,SWGZ,TCP,低压泵后压力,,,,
FZXT20001-d,低压泵后压力,double,MPa,仿真系统,FZXT,TCP,输出,,,,,,,,虚拟操作,XNCZ,OPC UA客户端,低压泵后压力,1,S,FZXT20001_D,
FZXT20002-d,被试泵入口压力,double,MPa,仿真系统,FZXT,TCP,输出,,,,,,,,三维感知,SWGZ,TCP,被试泵入口压力,,,,
FZXT20002-d,被试泵入口压力,double,MPa,仿真系统,FZXT,TCP,输出,,,,,,,,虚拟操作,XNCZ,OPC UA客户端,被试泵入口压力,1,S,FZXT20002_D,
FZXT20003-d,燃油滤前压力,double,MPa,仿真系统,FZXT,TCP,输出,,,,,,,,三维感知,SWGZ,TCP,燃油滤前压力,,,,
FZXT20003-d,燃油滤前压力,double,MPa,仿真系统,FZXT,TCP,输出,,,,,,,,虚拟操作,XNCZ,OPC UA客户端,燃油滤前压力,1,S,FZXT20003_D,
FZXT20004-d,燃油泵出口压力,double,MPa,仿真系统,FZXT,TCP,输出,,,,,,,,三维感知,SWGZ,TCP,燃油泵出口压力,,,,
FZXT20004-d,燃油泵出口压力,double,MPa,仿真系统,FZXT,TCP,输出,,,,,,,,虚拟操作,XNCZ,OPC UA客户端,燃油泵出口压力,1,S,FZXT20004_D,
FZXT20005-d,调节器出口压力,double,MPa,仿真系统,FZXT,TCP,输出,,,,,,,,三维感知,SWGZ,TCP,调节器出口压力,,,,
FZXT20005-d,调节器出口压力,double,MPa,仿真系统,FZXT,TCP,输出,,,,,,,,虚拟操作,XNCZ,OPC UA客户端,调节器出口压力,1,S,FZXT20005_D,
FZXT20006-d,1#油路压力,double,MPa,仿真系统,FZXT,TCP,输出,,,,,,,,三维感知,SWGZ,TCP,1#油路压力,,,,
FZXT20006-d,1#油路压力,double,MPa,仿真系统,FZXT,TCP,输出,,,,,,,,虚拟操作,XNCZ,OPC UA客户端,1#油路压力,1,S,FZXT20006_D,
FZXT20007-d,2#管路压力,double,MPa,仿真系统,FZXT,TCP,输出,,,,,,,,三维感知,SWGZ,TCP,2#管路压力,,,,
FZXT20007-d,2#管路压力,double,MPa,仿真系统,FZXT,TCP,输出,,,,,,,,虚拟操作,XNCZ,OPC UA客户端,2#管路压力,1,S,FZXT20007_D,
FZXT20008-d,喷嘴后压力,double,MPa,仿真系统,FZXT,TCP,输出,,,,,,,,三维感知,SWGZ,TCP,喷嘴后压力,,,,
FZXT20008-d,喷嘴后压力,double,MPa,仿真系统,FZXT,TCP,输出,,,,,,,,虚拟操作,XNCZ,OPC UA客户端,喷嘴后压力,1,S,FZXT20008_D,
FZXT20009-d,起动油路燃油压力,double,MPa,仿真系统,FZXT,TCP,输出,,,,,,,,三维感知,SWGZ,TCP,起动油路燃油压力,,,,
FZXT20009-d,起动油路燃油压力,double,MPa,仿真系统,FZXT,TCP,输出,,,,,,,,虚拟操作,XNCZ,OPC UA客户端,起动油路燃油压力,1,S,FZXT20009_D,
FZXT20010-d,冷却水入口压力,double,MPa,仿真系统,FZXT,TCP,输出,,,,,,,,三维感知,SWGZ,TCP,冷却水入口压力,,,,
FZXT20010-d,冷却水入口压力,double,MPa,仿真系统,FZXT,TCP,输出,,,,,,,,虚拟操作,XNCZ,OPC UA客户端,冷却水入口压力,1,S,FZXT20010_D,
FZXT20011-d,被试泵入口温度,double,℃,仿真系统,FZXT,TCP,输出,,,,,,,,三维感知,SWGZ,TCP,被试泵入口温度,,,,
FZXT20011-d,被试泵入口温度,double,℃,仿真系统,FZXT,TCP,输出,,,,,,,,虚拟操作,XNCZ,OPC UA客户端,被试泵入口温度,1,S,FZXT20011_D,
FZXT20012-d,流量计处回油温度,double,℃,仿真系统,FZXT,TCP,输出,,,,,,,,三维感知,SWGZ,TCP,流量计处回油温度,,,,
FZXT20012-d,流量计处回油温度,double,℃,仿真系统,FZXT,TCP,输出,,,,,,,,虚拟操作,XNCZ,OPC UA客户端,流量计处回油温度,1,S,FZXT20012_D,
FZXT20013-d,冷却水进口温度,double,℃,仿真系统,FZXT,TCP,输出,,,,,,,,三维感知,SWGZ,TCP,冷却水进口温度,,,,
FZXT20013-d,冷却水进口温度,double,℃,仿真系统,FZXT,TCP,输出,,,,,,,,虚拟操作,XNCZ,OPC UA客户端,冷却水进口温度,1,S,FZXT20013_D,
FZXT20014-d,FT005燃油流量,double,L/h，kg/h,仿真系统,FZXT,TCP,输出,,,,,,,,三维感知,SWGZ,TCP,FT005燃油流量,,,,
FZXT20014-d,FT005燃油流量,double,L/h，kg/h,仿真系统,FZXT,TCP,输出,,,,,,,,虚拟操作,XNCZ,OPC UA客户端,FT005燃油流量,1,S,FZXT20014_D,
FZXT20015-d,燃油调节阀进出口压差,double,MPa,仿真系统,FZXT,TCP,输出,,,,,,,,三维感知,SWGZ,TCP,燃油调节阀进出口压差,,,,
FZXT20015-d,燃油调节阀进出口压差,double,MPa,仿真系统,FZXT,TCP,输出,,,,,,,,虚拟操作,XNCZ,OPC UA客户端,燃油调节阀进出口压差,1,S,FZXT20015_D,
FZXT99999-d,仿真时间,double,s,仿真系统,FZXT,TCP,输出,,,,,,,,虚拟操作,XNCZ,OPC UA客户端,仿真时间,1,S,BNSYS_SIMULATION_TIMER,
FZXT10001-b,主操作台急停,bool,/,仿真系统,FZXT,TCP,输入,,,,三维感知,SWGZ,TCP,主操作台急停,,,,,,,
FZXT10001-b,主操作台急停,bool,/,仿真系统,FZXT,TCP,输入,1,S,FZXT10001_B,虚拟操作,XNCZ,OPC UA客户端,主操作台急停,,,,,,,
FZXT10002-b,变频柜急停,bool,/,仿真系统,FZXT,TCP,输入,,,,三维感知,SWGZ,TCP,变频柜急停,,,,,,,
FZXT10002-b,变频柜急停,bool,/,仿真系统,FZXT,TCP,输入,1,S,FZXT10002_B,虚拟操作,XNCZ,OPC UA客户端,变频柜急停,,,,,,,
FZXT10003-b,FT005流量超限停机,bool,/,仿真系统,FZXT,TCP,输入,,,,三维感知,SWGZ,TCP,FT005流量超限停机,,,,,,,
FZXT10003-b,FT005流量超限停机,bool,/,仿真系统,FZXT,TCP,输入,1,S,FZXT10003_B,虚拟操作,XNCZ,OPC UA客户端,FT005流量超限停机,,,,,,,
FZXT10004-b,主控制柜急停,bool,/,仿真系统,FZXT,TCP,输入,,,,三维感知,SWGZ,TCP,主控制柜急停,,,,,,,
FZXT10004-b,主控制柜急停,bool,/,仿真系统,FZXT,TCP,输入,1,S,FZXT10004_B,虚拟操作,XNCZ,OPC UA客户端,主控制柜急停,,,,,,,
FZXT10005-b,低压泵返回故障,bool,/,仿真系统,FZXT,TCP,输入,,,,三维感知,SWGZ,TCP,低压泵返回故障,,,,,,,
FZXT10005-b,低压泵返回故障,bool,/,仿真系统,FZXT,TCP,输入,1,S,FZXT10005_B,虚拟操作,XNCZ,OPC UA客户端,低压泵返回故障,,,,,,,
FZXT10006-b,被试泵运行返回故障,bool,/,仿真系统,FZXT,TCP,输入,,,,三维感知,SWGZ,TCP,被试泵运行返回故障,,,,,,,
FZXT10006-b,被试泵运行返回故障,bool,/,仿真系统,FZXT,TCP,输入,1,S,FZXT10006_B,虚拟操作,XNCZ,OPC UA客户端,被试泵运行返回故障,,,,,,,
FZXT10007-b,辅助低压泵后压力上限停机,bool,/,仿真系统,FZXT,TCP,输入,,,,三维感知,SWGZ,TCP,辅助低压泵后压力上限停机,,,,,,,
FZXT10007-b,辅助低压泵后压力上限停机,bool,/,仿真系统,FZXT,TCP,输入,1,S,FZXT10007_B,虚拟操作,XNCZ,OPC UA客户端,辅助低压泵后压力上限停机,,,,,,,
FZXT10008-b,被试泵入口压力下限停机,bool,/,仿真系统,FZXT,TCP,输入,,,,三维感知,SWGZ,TCP,被试泵入口压力下限停机,,,,,,,
FZXT10008-b,被试泵入口压力下限停机,bool,/,仿真系统,FZXT,TCP,输入,1,S,FZXT10008_B,虚拟操作,XNCZ,OPC UA客户端,被试泵入口压力下限停机,,,,,,,
FZXT10009-b,被试泵出口压力上限停机,bool,/,仿真系统,FZXT,TCP,输入,,,,三维感知,SWGZ,TCP,被试泵出口压力上限停机,,,,,,,
FZXT10009-b,被试泵出口压力上限停机,bool,/,仿真系统,FZXT,TCP,输入,1,S,FZXT10009_B,虚拟操作,XNCZ,OPC UA客户端,被试泵出口压力上限停机,,,,,,,
FZXT10010-b,冷却水压力下限停机,bool,/,仿真系统,FZXT,TCP,输入,,,,三维感知,SWGZ,TCP,冷却水压力下限停机,,,,,,,
FZXT10010-b,冷却水压力下限停机,bool,/,仿真系统,FZXT,TCP,输入,1,S,FZXT10010_B,虚拟操作,XNCZ,OPC UA客户端,冷却水压力下限停机,,,,,,,
FZXT10011-b,被试泵转速超限停机,bool,/,仿真系统,FZXT,TCP,输入,,,,三维感知,SWGZ,TCP,被试泵转速超限停机,,,,,,,
FZXT10011-b,被试泵转速超限停机,bool,/,仿真系统,FZXT,TCP,输入,1,S,FZXT10011_B,虚拟操作,XNCZ,OPC UA客户端,被试泵转速超限停机,,,,,,,
FZXT10012-b,被试泵入口温度上限停机,bool,/,仿真系统,FZXT,TCP,输入,,,,三维感知,SWGZ,TCP,被试泵入口温度上限停机,,,,,,,
FZXT10012-b,被试泵入口温度上限停机,bool,/,仿真系统,FZXT,TCP,输入,1,S,FZXT10012_B,虚拟操作,XNCZ,OPC UA客户端,被试泵入口温度上限停机,,,,,,,
FZXT10013-b,油门杆动作,bool,/,仿真系统,FZXT,TCP,输入,,,,三维感知,SWGZ,TCP,油门杆动作,,,,,,,
FZXT10013-b,油门杆动作,bool,/,仿真系统,FZXT,TCP,输入,1,S,FZXT10013_B,虚拟操作,XNCZ,OPC UA客户端,油门杆动作,,,,,,,
FZXT10014-b,油门杆供电正常,bool,/,仿真系统,FZXT,TCP,输入,,,,三维感知,SWGZ,TCP,油门杆供电正常,,,,,,,
FZXT10014-b,油门杆供电正常,bool,/,仿真系统,FZXT,TCP,输入,1,S,FZXT10014_B,虚拟操作,XNCZ,OPC UA客户端,油门杆供电正常,,,,,,,
FZXT10015-b,反馈板电源正常,bool,/,仿真系统,FZXT,TCP,输入,,,,三维感知,SWGZ,TCP,反馈板电源正常,,,,,,,
FZXT10015-b,反馈板电源正常,bool,/,仿真系统,FZXT,TCP,输入,1,S,FZXT10015_B,虚拟操作,XNCZ,OPC UA客户端,反馈板电源正常,,,,,,,
FZXT10016-b,使能停止校验,bool,/,仿真系统,FZXT,TCP,输入,,,,三维感知,SWGZ,TCP,使能停止校验,,,,,,,
FZXT10016-b,使能停止校验,bool,/,仿真系统,FZXT,TCP,输入,1,S,FZXT10016_B,虚拟操作,XNCZ,OPC UA客户端,使能停止校验,,,,,,,
FZXT10017-b,停车开关关信号,bool,/,仿真系统,FZXT,TCP,输入,,,,三维感知,SWGZ,TCP,停车开关关信号,,,,,,,
FZXT10017-b,停车开关关信号,bool,/,仿真系统,FZXT,TCP,输入,1,S,FZXT10017_B,虚拟操作,XNCZ,OPC UA客户端,停车开关关信号,,,,,,,
FZXT10018-b,停车开关开信号,bool,/,仿真系统,FZXT,TCP,输入,,,,三维感知,SWGZ,TCP,停车开关开信号,,,,,,,
FZXT10018-b,停车开关开信号,bool,/,仿真系统,FZXT,TCP,输入,1,S,FZXT10018_B,虚拟操作,XNCZ,OPC UA客户端,停车开关开信号,,,,,,,
FZXT10019-b,低压泵运行反馈,bool,/,仿真系统,FZXT,TCP,输入,,,,三维感知,SWGZ,TCP,低压泵运行反馈,,,,,,,
FZXT10019-b,低压泵运行反馈,bool,/,仿真系统,FZXT,TCP,输入,1,S,FZXT10019_B,虚拟操作,XNCZ,OPC UA客户端,低压泵运行反馈,,,,,,,
FZXT10020-b,滑油泵运行反馈,bool,/,仿真系统,FZXT,TCP,输入,,,,三维感知,SWGZ,TCP,滑油泵运行反馈,,,,,,,
FZXT10020-b,滑油泵运行反馈,bool,/,仿真系统,FZXT,TCP,输入,1,S,FZXT10020_B,虚拟操作,XNCZ,OPC UA客户端,滑油泵运行反馈,,,,,,,
FZXT10021-b,被试泵运行反馈,bool,/,仿真系统,FZXT,TCP,输入,,,,三维感知,SWGZ,TCP,被试泵运行反馈,,,,,,,
FZXT10021-b,被试泵运行反馈,bool,/,仿真系统,FZXT,TCP,输入,1,S,FZXT10021_B,虚拟操作,XNCZ,OPC UA客户端,被试泵运行反馈,,,,,,,
FZXT10022-b,上位机手动故障复位,bool,/,仿真系统,FZXT,TCP,输入,,,,三维感知,SWGZ,TCP,上位机手动故障复位,,,,,,,
FZXT10022-b,上位机手动故障复位,bool,/,仿真系统,FZXT,TCP,输入,1,S,FZXT10022_B,虚拟操作,XNCZ,OPC UA客户端,上位机手动故障复位,,,,,,,
FZXT10023-b,油门设定值偏差报警,bool,/,仿真系统,FZXT,TCP,输入,,,,三维感知,SWGZ,TCP,油门设定值偏差报警,,,,,,,
FZXT10023-b,油门设定值偏差报警,bool,/,仿真系统,FZXT,TCP,输入,1,S,FZXT10023_B,虚拟操作,XNCZ,OPC UA客户端,油门设定值偏差报警,,,,,,,
FZXT10024-b,油门输入输出差报警,bool,/,仿真系统,FZXT,TCP,输入,,,,三维感知,SWGZ,TCP,油门输入输出差报警,,,,,,,
FZXT10024-b,油门输入输出差报警,bool,/,仿真系统,FZXT,TCP,输入,1,S,FZXT10024_B,虚拟操作,XNCZ,OPC UA客户端,油门输入输出差报警,,,,,,,
FZXT10025-b,FCV001输入输出差值报警,bool,/,仿真系统,FZXT,TCP,输入,,,,三维感知,SWGZ,TCP,FCV001输入输出差值报警,,,,,,,
FZXT10025-b,FCV001输入输出差值报警,bool,/,仿真系统,FZXT,TCP,输入,1,S,FZXT10025_B,虚拟操作,XNCZ,OPC UA客户端,FCV001输入输出差值报警,,,,,,,
FZXT10026-b,FCV002输入输出差值报警,bool,/,仿真系统,FZXT,TCP,输入,,,,三维感知,SWGZ,TCP,FCV002输入输出差值报警,,,,,,,
FZXT10026-b,FCV002输入输出差值报警,bool,/,仿真系统,FZXT,TCP,输入,1,S,FZXT10026_B,虚拟操作,XNCZ,OPC UA客户端,FCV002输入输出差值报警,,,,,,,
FZXT10027-b,FT005流量超限报警,bool,/,仿真系统,FZXT,TCP,输入,,,,三维感知,SWGZ,TCP,FT005流量超限报警,,,,,,,
FZXT10027-b,FT005流量超限报警,bool,/,仿真系统,FZXT,TCP,输入,1,S,FZXT10027_B,虚拟操作,XNCZ,OPC UA客户端,FT005流量超限报警,,,,,,,
FZXT10028-b,低压泵后压力上限报警,bool,/,仿真系统,FZXT,TCP,输入,,,,三维感知,SWGZ,TCP,低压泵后压力上限报警,,,,,,,
FZXT10028-b,低压泵后压力上限报警,bool,/,仿真系统,FZXT,TCP,输入,1,S,FZXT10028_B,虚拟操作,XNCZ,OPC UA客户端,低压泵后压力上限报警,,,,,,,
FZXT10029-b,被试泵入口压力下限报警,bool,/,仿真系统,FZXT,TCP,输入,,,,三维感知,SWGZ,TCP,被试泵入口压力下限报警,,,,,,,
FZXT10029-b,被试泵入口压力下限报警,bool,/,仿真系统,FZXT,TCP,输入,1,S,FZXT10029_B,虚拟操作,XNCZ,OPC UA客户端,被试泵入口压力下限报警,,,,,,,
FZXT10030-b,被试泵出口压力上限报警,bool,/,仿真系统,FZXT,TCP,输入,,,,三维感知,SWGZ,TCP,被试泵出口压力上限报警,,,,,,,
FZXT10030-b,被试泵出口压力上限报警,bool,/,仿真系统,FZXT,TCP,输入,1,S,FZXT10030_B,虚拟操作,XNCZ,OPC UA客户端,被试泵出口压力上限报警,,,,,,,
FZXT10031-b,自动油滤压力上限报警,bool,/,仿真系统,FZXT,TCP,输入,,,,三维感知,SWGZ,TCP,自动油滤压力上限报警,,,,,,,
FZXT10031-b,自动油滤压力上限报警,bool,/,仿真系统,FZXT,TCP,输入,1,S,FZXT10031_B,虚拟操作,XNCZ,OPC UA客户端,自动油滤压力上限报警,,,,,,,
FZXT10032-b,冷却水压力下限报警,bool,/,仿真系统,FZXT,TCP,输入,,,,三维感知,SWGZ,TCP,冷却水压力下限报警,,,,,,,
FZXT10032-b,冷却水压力下限报警,bool,/,仿真系统,FZXT,TCP,输入,1,S,FZXT10032_B,虚拟操作,XNCZ,OPC UA客户端,冷却水压力下限报警,,,,,,,
FZXT10033-b,被试泵转速超范围报警,bool,/,仿真系统,FZXT,TCP,输入,,,,三维感知,SWGZ,TCP,被试泵转速超范围报警,,,,,,,
FZXT10033-b,被试泵转速超范围报警,bool,/,仿真系统,FZXT,TCP,输入,1,S,FZXT10033_B,虚拟操作,XNCZ,OPC UA客户端,被试泵转速超范围报警,,,,,,,
FZXT10034-b,转速输入输出差值报警,bool,/,仿真系统,FZXT,TCP,输入,,,,三维感知,SWGZ,TCP,转速输入输出差值报警,,,,,,,
FZXT10034-b,转速输入输出差值报警,bool,/,仿真系统,FZXT,TCP,输入,1,S,FZXT10034_B,虚拟操作,XNCZ,OPC UA客户端,转速输入输出差值报警,,,,,,,
FZXT10035-b,被试泵入口温度上限报警,bool,/,仿真系统,FZXT,TCP,输入,,,,三维感知,SWGZ,TCP,被试泵入口温度上限报警,,,,,,,
FZXT10035-b,被试泵入口温度上限报警,bool,/,仿真系统,FZXT,TCP,输入,1,S,FZXT10035_B,虚拟操作,XNCZ,OPC UA客户端,被试泵入口温度上限报警,,,,,,,
FZXT10036-d,低压电动调节阀输出,double,%,仿真系统,FZXT,TCP,输入,,,,三维感知,SWGZ,TCP,低压电动调节阀输出,,,,,,,
FZXT10036-d,低压电动调节阀输出,double,%,仿真系统,FZXT,TCP,输入,1,S,FZXT10036_D,虚拟操作,XNCZ,OPC UA客户端,低压电动调节阀输出,,,,,,,
FZXT10037-d,高压电动调节阀输出,double,%,仿真系统,FZXT,TCP,输入,,,,三维感知,SWGZ,TCP,高压电动调节阀输出,,,,,,,
FZXT10037-d,高压电动调节阀输出,double,%,仿真系统,FZXT,TCP,输入,1,S,FZXT10037_D,虚拟操作,XNCZ,OPC UA客户端,高压电动调节阀输出,,,,,,,
FZXT10038-d,油门位置反馈,double,°,仿真系统,FZXT,TCP,输入,,,,三维感知,SWGZ,TCP,油门位置反馈,,,,,,,
FZXT10038-d,油门位置反馈,double,°,仿真系统,FZXT,TCP,输入,1,S,FZXT10038_D,虚拟操作,XNCZ,OPC UA客户端,油门位置反馈,,,,,,,
FZXT10039-d,被试泵转速,double,r/min,仿真系统,FZXT,TCP,输入,,,,三维感知,SWGZ,TCP,被试泵转速,,,,,,,
FZXT10039-d,被试泵转速,double,r/min,仿真系统,FZXT,TCP,输入,1,S,FZXT10039_D,虚拟操作,XNCZ,OPC UA客户端,被试泵转速,,,,,,,
FZXT10040-b,低压供油系统截止阀,bool,/,仿真系统,FZXT,TCP,输入,,,,三维感知,SWGZ,TCP,低压供油系统截止阀,,,,,,,
FZXT10040-b,低压供油系统截止阀,bool,/,仿真系统,FZXT,TCP,输入,1,S,FZXT10040_B,虚拟操作,XNCZ,OPC UA客户端,低压供油系统截止阀,,,,,,,
FZXT10041-b,冷却水供水手动截止阀,bool,/,仿真系统,FZXT,TCP,输入,,,,三维感知,SWGZ,TCP,冷却水供水手动截止阀,,,,,,,
FZXT10041-b,冷却水供水手动截止阀,bool,/,仿真系统,FZXT,TCP,输入,1,S,FZXT10041_B,虚拟操作,XNCZ,OPC UA客户端,冷却水供水手动截止阀,,,,,,,
FZXT10042-b,起动油路燃油电磁阀,bool,/,仿真系统,FZXT,TCP,输入,,,,三维感知,SWGZ,TCP,起动油路燃油电磁阀,,,,,,,
FZXT10042-b,起动油路燃油电磁阀,bool,/,仿真系统,FZXT,TCP,输入,1,S,FZXT10042_B,虚拟操作,XNCZ,OPC UA客户端,起动油路燃油电磁阀,,,,,,,
FZXT10043-b,故障排放阀,bool,/,仿真系统,FZXT,TCP,输入,,,,三维感知,SWGZ,TCP,故障排放阀,,,,,,,
FZXT10043-b,故障排放阀,bool,/,仿真系统,FZXT,TCP,输入,1,S,FZXT10043_B,虚拟操作,XNCZ,OPC UA客户端,故障排放阀,,,,,,,
FZXT20001-d,低压泵后压力,double,MPa,仿真系统,FZXT,TCP,输入,,,,三维感知,SWGZ,TCP,低压泵后压力,,,,,,,
FZXT20001-d,低压泵后压力,double,MPa,仿真系统,FZXT,TCP,输入,1,S,FZXT20001_D,虚拟操作,XNCZ,OPC UA客户端,低压泵后压力,,,,,,,
FZXT20002-d,被试泵入口压力,double,MPa,仿真系统,FZXT,TCP,输入,,,,三维感知,SWGZ,TCP,被试泵入口压力,,,,,,,
FZXT20002-d,被试泵入口压力,double,MPa,仿真系统,FZXT,TCP,输入,1,S,FZXT20002_D,虚拟操作,XNCZ,OPC UA客户端,被试泵入口压力,,,,,,,
FZXT20003-d,燃油滤前压力,double,MPa,仿真系统,FZXT,TCP,输入,,,,三维感知,SWGZ,TCP,燃油滤前压力,,,,,,,
FZXT20003-d,燃油滤前压力,double,MPa,仿真系统,FZXT,TCP,输入,1,S,FZXT20003_D,虚拟操作,XNCZ,OPC UA客户端,燃油滤前压力,,,,,,,
FZXT20004-d,燃油泵出口压力,double,MPa,仿真系统,FZXT,TCP,输入,,,,三维感知,SWGZ,TCP,燃油泵出口压力,,,,,,,
FZXT20004-d,燃油泵出口压力,double,MPa,仿真系统,FZXT,TCP,输入,1,S,FZXT20004_D,虚拟操作,XNCZ,OPC UA客户端,燃油泵出口压力,,,,,,,
FZXT20005-d,调节器出口压力,double,MPa,仿真系统,FZXT,TCP,输入,,,,三维感知,SWGZ,TCP,调节器出口压力,,,,,,,
FZXT20005-d,调节器出口压力,double,MPa,仿真系统,FZXT,TCP,输入,1,S,FZXT20005_D,虚拟操作,XNCZ,OPC UA客户端,调节器出口压力,,,,,,,
FZXT20006-d,1#油路压力,double,MPa,仿真系统,FZXT,TCP,输入,,,,三维感知,SWGZ,TCP,1#油路压力,,,,,,,
FZXT20006-d,1#油路压力,double,MPa,仿真系统,FZXT,TCP,输入,1,S,FZXT20006_D,虚拟操作,XNCZ,OPC UA客户端,1#油路压力,,,,,,,
FZXT20007-d,2#管路压力,double,MPa,仿真系统,FZXT,TCP,输入,,,,三维感知,SWGZ,TCP,2#管路压力,,,,,,,
FZXT20007-d,2#管路压力,double,MPa,仿真系统,FZXT,TCP,输入,1,S,FZXT20007_D,虚拟操作,XNCZ,OPC UA客户端,2#管路压力,,,,,,,
FZXT20008-d,喷嘴后压力,double,MPa,仿真系统,FZXT,TCP,输入,,,,三维感知,SWGZ,TCP,喷嘴后压力,,,,,,,
FZXT20008-d,喷嘴后压力,double,MPa,仿真系统,FZXT,TCP,输入,1,S,FZXT20008_D,虚拟操作,XNCZ,OPC UA客户端,喷嘴后压力,,,,,,,
FZXT20009-d,起动油路燃油压力,double,MPa,仿真系统,FZXT,TCP,输入,,,,三维感知,SWGZ,TCP,起动油路燃油压力,,,,,,,
FZXT20009-d,起动油路燃油压力,double,MPa,仿真系统,FZXT,TCP,输入,1,S,FZXT20009_D,虚拟操作,XNCZ,OPC UA客户端,起动油路燃油压力,,,,,,,
FZXT20010-d,冷却水入口压力,double,MPa,仿真系统,FZXT,TCP,输入,,,,三维感知,SWGZ,TCP,冷却水入口压力,,,,,,,
FZXT20010-d,冷却水入口压力,double,MPa,仿真系统,FZXT,TCP,输入,1,S,FZXT20010_D,虚拟操作,XNCZ,OPC UA客户端,冷却水入口压力,,,,,,,
FZXT20011-d,被试泵入口温度,double,℃,仿真系统,FZXT,TCP,输入,,,,三维感知,SWGZ,TCP,被试泵入口温度,,,,,,,
FZXT20011-d,被试泵入口温度,double,℃,仿真系统,FZXT,TCP,输入,1,S,FZXT20011_D,虚拟操作,XNCZ,OPC UA客户端,被试泵入口温度,,,,,,,
FZXT20012-d,流量计处回油温度,double,℃,仿真系统,FZXT,TCP,输入,,,,三维感知,SWGZ,TCP,流量计处回油温度,,,,,,,
FZXT20012-d,流量计处回油温度,double,℃,仿真系统,FZXT,TCP,输入,1,S,FZXT20012_D,虚拟操作,XNCZ,OPC UA客户端,流量计处回油温度,,,,,,,
FZXT20013-d,冷却水进口温度,double,℃,仿真系统,FZXT,TCP,输入,,,,三维感知,SWGZ,TCP,冷却水进口温度,,,,,,,
FZXT20013-d,冷却水进口温度,double,℃,仿真系统,FZXT,TCP,输入,1,S,FZXT20013_D,虚拟操作,XNCZ,OPC UA客户端,冷却水进口温度,,,,,,,
FZXT20014-d,FT005燃油流量,double,L/h，kg/h,仿真系统,FZXT,TCP,输入,,,,三维感知,SWGZ,TCP,FT005燃油流量,,,,,,,
FZXT20014-d,FT005燃油流量,double,L/h，kg/h,仿真系统,FZXT,TCP,输入,1,S,FZXT20014_D,虚拟操作,XNCZ,OPC UA客户端,FT005燃油流量,,,,,,,
FZXT20015-d,燃油调节阀进出口压差,double,MPa,仿真系统,FZXT,TCP,输入,,,,三维感知,SWGZ,TCP,燃油调节阀进出口压差,,,,,,,
FZXT20015-d,燃油调节阀进出口压差,double,MPa,仿真系统,FZXT,TCP,输入,1,S,FZXT20015_D,虚拟操作,XNCZ,OPC UA客户端,燃油调节阀进出口压差,,,,,,,
FZXT99999-d,仿真时间,double,s,仿真系统,FZXT,TCP,输入,1,S,BNSYS_SIMULATION_TIMER,虚拟操作,XNCZ,OPC UA客户端,仿真时间,,,,,,,
SWSC10001-b,主操作台急停,bool,/,实物系统（数采）,SWSC,TCP,输出,5003,,,,,,,三维感知,SWGZ,TCP,主操作台急停,,,,
SWSC10001-b,主操作台急停,bool,/,实物系统（数采）,SWSC,TCP,输出,5003,,,,,,,虚拟操作,XNCZ,OPC UA客户端,主操作台急停,1,S,SWSC10001_B,
SWSC10002-b,变频柜急停,bool,/,实物系统（数采）,SWSC,TCP,输出,5004,,,,,,,三维感知,SWGZ,TCP,变频柜急停,,,,
SWSC10002-b,变频柜急停,bool,/,实物系统（数采）,SWSC,TCP,输出,5004,,,,,,,虚拟操作,XNCZ,OPC UA客户端,变频柜急停,1,S,SWSC10002_B,
SWSC10003-b,FT005流量超限停机,bool,/,实物系统（数采）,SWSC,TCP,输出,5008,,,,,,,三维感知,SWGZ,TCP,FT005流量超限停机,,,,
SWSC10003-b,FT005流量超限停机,bool,/,实物系统（数采）,SWSC,TCP,输出,5008,,,,,,,虚拟操作,XNCZ,OPC UA客户端,FT005流量超限停机,1,S,SWSC10003_B,
SWSC10004-b,主控制柜急停,bool,/,实物系统（数采）,SWSC,TCP,输出,5010,,,,,,,三维感知,SWGZ,TCP,主控制柜急停,,,,
SWSC10004-b,主控制柜急停,bool,/,实物系统（数采）,SWSC,TCP,输出,5010,,,,,,,虚拟操作,XNCZ,OPC UA客户端,主控制柜急停,1,S,SWSC10004_B,
SWSC10005-b,低压泵返回故障,bool,/,实物系统（数采）,SWSC,TCP,输出,5011,,,,,,,三维感知,SWGZ,TCP,低压泵返回故障,,,,
SWSC10005-b,低压泵返回故障,bool,/,实物系统（数采）,SWSC,TCP,输出,5011,,,,,,,虚拟操作,XNCZ,OPC UA客户端,低压泵返回故障,1,S,SWSC10005_B,
SWSC10006-b,被试泵运行返回故障,bool,/,实物系统（数采）,SWSC,TCP,输出,5012,,,,,,,三维感知,SWGZ,TCP,被试泵运行返回故障,,,,
SWSC10006-b,被试泵运行返回故障,bool,/,实物系统（数采）,SWSC,TCP,输出,5012,,,,,,,虚拟操作,XNCZ,OPC UA客户端,被试泵运行返回故障,1,S,SWSC10006_B,
SWSC10007-b,辅助低压泵后压力上限停机,bool,/,实物系统（数采）,SWSC,TCP,输出,5014,,,,,,,三维感知,SWGZ,TCP,辅助低压泵后压力上限停机,,,,
SWSC10007-b,辅助低压泵后压力上限停机,bool,/,实物系统（数采）,SWSC,TCP,输出,5014,,,,,,,虚拟操作,XNCZ,OPC UA客户端,辅助低压泵后压力上限停机,1,S,SWSC10007_B,
SWSC10008-b,被试泵入口压力下限停机,bool,/,实物系统（数采）,SWSC,TCP,输出,5016,,,,,,,三维感知,SWGZ,TCP,被试泵入口压力下限停机,,,,
SWSC10008-b,被试泵入口压力下限停机,bool,/,实物系统（数采）,SWSC,TCP,输出,5016,,,,,,,虚拟操作,XNCZ,OPC UA客户端,被试泵入口压力下限停机,1,S,SWSC10008_B,
SWSC10009-b,被试泵出口压力上限停机,bool,/,实物系统（数采）,SWSC,TCP,输出,5018,,,,,,,三维感知,SWGZ,TCP,被试泵出口压力上限停机,,,,
SWSC10009-b,被试泵出口压力上限停机,bool,/,实物系统（数采）,SWSC,TCP,输出,5018,,,,,,,虚拟操作,XNCZ,OPC UA客户端,被试泵出口压力上限停机,1,S,SWSC10009_B,
SWSC10010-b,冷却水压力下限停机,bool,/,实物系统（数采）,SWSC,TCP,输出,5021,,,,,,,三维感知,SWGZ,TCP,冷却水压力下限停机,,,,
SWSC10010-b,冷却水压力下限停机,bool,/,实物系统（数采）,SWSC,TCP,输出,5021,,,,,,,虚拟操作,XNCZ,OPC UA客户端,冷却水压力下限停机,1,S,SWSC10010_B,
SWSC10011-b,被试泵转速超限停机,bool,/,实物系统（数采）,SWSC,TCP,输出,5023,,,,,,,三维感知,SWGZ,TCP,被试泵转速超限停机,,,,
SWSC10011-b,被试泵转速超限停机,bool,/,实物系统（数采）,SWSC,TCP,输出,5023,,,,,,,虚拟操作,XNCZ,OPC UA客户端,被试泵转速超限停机,1,S,SWSC10011_B,
SWSC10012-b,被试泵入口温度上限停机,bool,/,实物系统（数采）,SWSC,TCP,输出,5026,,,,,,,三维感知,SWGZ,TCP,被试泵入口温度上限停机,,,,
SWSC10012-b,被试泵入口温度上限停机,bool,/,实物系统（数采）,SWSC,TCP,输出,5026,,,,,,,虚拟操作,XNCZ,OPC UA客户端,被试泵入口温度上限停机,1,S,SWSC10012_B,
SWSC10013-b,油门杆动作,bool,/,实物系统（数采）,SWSC,TCP,输出,5062,,,,,,,三维感知,SWGZ,TCP,油门杆动作,,,,
SWSC10013-b,油门杆动作,bool,/,实物系统（数采）,SWSC,TCP,输出,5062,,,,,,,虚拟操作,XNCZ,OPC UA客户端,油门杆动作,1,S,SWSC10013_B,
SWSC10014-b,油门杆供电正常,bool,/,实物系统（数采）,SWSC,TCP,输出,5063,,,,,,,三维感知,SWGZ,TCP,油门杆供电正常,,,,
SWSC10014-b,油门杆供电正常,bool,/,实物系统（数采）,SWSC,TCP,输出,5063,,,,,,,虚拟操作,XNCZ,OPC UA客户端,油门杆供电正常,1,S,SWSC10014_B,
SWSC10015-b,反馈板电源正常,bool,/,实物系统（数采）,SWSC,TCP,输出,5065,,,,,,,三维感知,SWGZ,TCP,反馈板电源正常,,,,
SWSC10015-b,反馈板电源正常,bool,/,实物系统（数采）,SWSC,TCP,输出,5065,,,,,,,虚拟操作,XNCZ,OPC UA客户端,反馈板电源正常,1,S,SWSC10015_B,
SWSC10016-b,使能停止校验,bool,/,实物系统（数采）,SWSC,TCP,输出,5066,,,,,,,三维感知,SWGZ,TCP,使能停止校验,,,,
SWSC10016-b,使能停止校验,bool,/,实物系统（数采）,SWSC,TCP,输出,5066,,,,,,,虚拟操作,XNCZ,OPC UA客户端,使能停止校验,1,S,SWSC10016_B,
SWSC10017-b,停车开关关信号,bool,/,实物系统（数采）,SWSC,TCP,输出,5067,,,,,,,三维感知,SWGZ,TCP,停车开关关信号,,,,
SWSC10017-b,停车开关关信号,bool,/,实物系统（数采）,SWSC,TCP,输出,5067,,,,,,,虚拟操作,XNCZ,OPC UA客户端,停车开关关信号,1,S,SWSC10017_B,
SWSC10018-b,停车开关开信号,bool,/,实物系统（数采）,SWSC,TCP,输出,5068,,,,,,,三维感知,SWGZ,TCP,停车开关开信号,,,,
SWSC10018-b,停车开关开信号,bool,/,实物系统（数采）,SWSC,TCP,输出,5068,,,,,,,虚拟操作,XNCZ,OPC UA客户端,停车开关开信号,1,S,SWSC10018_B,
SWSC10019-b,低压泵运行反馈,bool,/,实物系统（数采）,SWSC,TCP,输出,5069,,,,,,,三维感知,SWGZ,TCP,低压泵运行反馈,,,,
SWSC10019-b,低压泵运行反馈,bool,/,实物系统（数采）,SWSC,TCP,输出,5069,,,,,,,虚拟操作,XNCZ,OPC UA客户端,低压泵运行反馈,1,S,SWSC10019_B,
SWSC10020-b,滑油泵运行反馈,bool,/,实物系统（数采）,SWSC,TCP,输出,5070,,,,,,,三维感知,SWGZ,TCP,滑油泵运行反馈,,,,
SWSC10020-b,滑油泵运行反馈,bool,/,实物系统（数采）,SWSC,TCP,输出,5070,,,,,,,虚拟操作,XNCZ,OPC UA客户端,滑油泵运行反馈,1,S,SWSC10020_B,
SWSC10021-b,被试泵运行反馈,bool,/,实物系统（数采）,SWSC,TCP,输出,5071,,,,,,,三维感知,SWGZ,TCP,被试泵运行反馈,,,,
SWSC10021-b,被试泵运行反馈,bool,/,实物系统（数采）,SWSC,TCP,输出,5071,,,,,,,虚拟操作,XNCZ,OPC UA客户端,被试泵运行反馈,1,S,SWSC10021_B,
SWSC10022-b,上位机手动故障复位,bool,/,实物系统（数采）,SWSC,TCP,输出,5009,,,,,,,三维感知,SWGZ,TCP,上位机手动故障复位,,,,
SWSC10022-b,上位机手动故障复位,bool,/,实物系统（数采）,SWSC,TCP,输出,5009,,,,,,,虚拟操作,XNCZ,OPC UA客户端,上位机手动故障复位,1,S,SWSC10022_B,
SWSC10023-b,油门设定值偏差报警,bool,/,实物系统（数采）,SWSC,TCP,输出,5001,,,,,,,三维感知,SWGZ,TCP,油门设定值偏差报警,,,,
SWSC10023-b,油门设定值偏差报警,bool,/,实物系统（数采）,SWSC,TCP,输出,5001,,,,,,,虚拟操作,XNCZ,OPC UA客户端,油门设定值偏差报警,1,S,SWSC10023_B,
SWSC10024-b,油门输入输出差报警,bool,/,实物系统（数采）,SWSC,TCP,输出,5002,,,,,,,三维感知,SWGZ,TCP,油门输入输出差报警,,,,
SWSC10024-b,油门输入输出差报警,bool,/,实物系统（数采）,SWSC,TCP,输出,5002,,,,,,,虚拟操作,XNCZ,OPC UA客户端,油门输入输出差报警,1,S,SWSC10024_B,
SWSC10025-b,FCV001输入输出差值报警,bool,/,实物系统（数采）,SWSC,TCP,输出,5005,,,,,,,三维感知,SWGZ,TCP,FCV001输入输出差值报警,,,,
SWSC10025-b,FCV001输入输出差值报警,bool,/,实物系统（数采）,SWSC,TCP,输出,5005,,,,,,,虚拟操作,XNCZ,OPC UA客户端,FCV001输入输出差值报警,1,S,SWSC10025_B,
SWSC10026-b,FCV002输入输出差值报警,bool,/,实物系统（数采）,SWSC,TCP,输出,5006,,,,,,,三维感知,SWGZ,TCP,FCV002输入输出差值报警,,,,
SWSC10026-b,FCV002输入输出差值报警,bool,/,实物系统（数采）,SWSC,TCP,输出,5006,,,,,,,虚拟操作,XNCZ,OPC UA客户端,FCV002输入输出差值报警,1,S,SWSC10026_B,
SWSC10027-b,FT005流量超限报警,bool,/,实物系统（数采）,SWSC,TCP,输出,5007,,,,,,,三维感知,SWGZ,TCP,FT005流量超限报警,,,,
SWSC10027-b,FT005流量超限报警,bool,/,实物系统（数采）,SWSC,TCP,输出,5007,,,,,,,虚拟操作,XNCZ,OPC UA客户端,FT005流量超限报警,1,S,SWSC10027_B,
SWSC10028-b,低压泵后压力上限报警,bool,/,实物系统（数采）,SWSC,TCP,输出,5013,,,,,,,三维感知,SWGZ,TCP,低压泵后压力上限报警,,,,
SWSC10028-b,低压泵后压力上限报警,bool,/,实物系统（数采）,SWSC,TCP,输出,5013,,,,,,,虚拟操作,XNCZ,OPC UA客户端,低压泵后压力上限报警,1,S,SWSC10028_B,
SWSC10029-b,被试泵入口压力下限报警,bool,/,实物系统（数采）,SWSC,TCP,输出,5015,,,,,,,三维感知,SWGZ,TCP,被试泵入口压力下限报警,,,,
SWSC10029-b,被试泵入口压力下限报警,bool,/,实物系统（数采）,SWSC,TCP,输出,5015,,,,,,,虚拟操作,XNCZ,OPC UA客户端,被试泵入口压力下限报警,1,S,SWSC10029_B,
SWSC10030-b,被试泵出口压力上限报警,bool,/,实物系统（数采）,SWSC,TCP,输出,5017,,,,,,,三维感知,SWGZ,TCP,被试泵出口压力上限报警,,,,
SWSC10030-b,被试泵出口压力上限报警,bool,/,实物系统（数采）,SWSC,TCP,输出,5017,,,,,,,虚拟操作,XNCZ,OPC UA客户端,被试泵出口压力上限报警,1,S,SWSC10030_B,
SWSC10031-b,自动油滤压力上限报警,bool,/,实物系统（数采）,SWSC,TCP,输出,5019,,,,,,,三维感知,SWGZ,TCP,自动油滤压力上限报警,,,,
SWSC10031-b,自动油滤压力上限报警,bool,/,实物系统（数采）,SWSC,TCP,输出,5019,,,,,,,虚拟操作,XNCZ,OPC UA客户端,自动油滤压力上限报警,1,S,SWSC10031_B,
SWSC10032-b,冷却水压力下限报警,bool,/,实物系统（数采）,SWSC,TCP,输出,5020,,,,,,,三维感知,SWGZ,TCP,冷却水压力下限报警,,,,
SWSC10032-b,冷却水压力下限报警,bool,/,实物系统（数采）,SWSC,TCP,输出,5020,,,,,,,虚拟操作,XNCZ,OPC UA客户端,冷却水压力下限报警,1,S,SWSC10032_B,
SWSC10033-b,被试泵转速超范围报警,bool,/,实物系统（数采）,SWSC,TCP,输出,5022,,,,,,,三维感知,SWGZ,TCP,被试泵转速超范围报警,,,,
SWSC10033-b,被试泵转速超范围报警,bool,/,实物系统（数采）,SWSC,TCP,输出,5022,,,,,,,虚拟操作,XNCZ,OPC UA客户端,被试泵转速超范围报警,1,S,SWSC10033_B,
SWSC10034-b,转速输入输出差值报警,bool,/,实物系统（数采）,SWSC,TCP,输出,5024,,,,,,,三维感知,SWGZ,TCP,转速输入输出差值报警,,,,
SWSC10034-b,转速输入输出差值报警,bool,/,实物系统（数采）,SWSC,TCP,输出,5024,,,,,,,虚拟操作,XNCZ,OPC UA客户端,转速输入输出差值报警,1,S,SWSC10034_B,
SWSC10035-b,被试泵入口温度上限报警,bool,/,实物系统（数采）,SWSC,TCP,输出,5025,,,,,,,三维感知,SWGZ,TCP,被试泵入口温度上限报警,,,,
SWSC10035-b,被试泵入口温度上限报警,bool,/,实物系统（数采）,SWSC,TCP,输出,5025,,,,,,,虚拟操作,XNCZ,OPC UA客户端,被试泵入口温度上限报警,1,S,SWSC10035_B,
SWSC10036-d,低压电动调节阀输出,double,%,实物系统（数采）,SWSC,TCP,输出,5047,,,,,,,三维感知,SWGZ,TCP,低压电动调节阀输出,,,,
SWSC10036-d,低压电动调节阀输出,double,%,实物系统（数采）,SWSC,TCP,输出,5047,,,,,,,虚拟操作,XNCZ,OPC UA客户端,低压电动调节阀输出,1,S,SWSC10036_D,
SWSC10037-d,高压电动调节阀输出,double,%,实物系统（数采）,SWSC,TCP,输出,5048,,,,,,,三维感知,SWGZ,TCP,高压电动调节阀输出,,,,
SWSC10037-d,高压电动调节阀输出,double,%,实物系统（数采）,SWSC,TCP,输出,5048,,,,,,,虚拟操作,XNCZ,OPC UA客户端,高压电动调节阀输出,1,S,SWSC10037_D,
SWSC10038-d,油门位置反馈,double,°,实物系统（数采）,SWSC,TCP,输出,5046,,,,,,,三维感知,SWGZ,TCP,油门位置反馈,,,,
SWSC10038-d,油门位置反馈,double,°,实物系统（数采）,SWSC,TCP,输出,5046,,,,,,,虚拟操作,XNCZ,OPC UA客户端,油门位置反馈,1,S,SWSC10038_D,
SWSC10039-d,被试泵转速,double,r/min,实物系统（数采）,SWSC,TCP,输出,5059,,,,,,,三维感知,SWGZ,TCP,被试泵转速,,,,
SWSC10039-d,被试泵转速,double,r/min,实物系统（数采）,SWSC,TCP,输出,5059,,,,,,,虚拟操作,XNCZ,OPC UA客户端,被试泵转速,1,S,SWSC10039_D,
SWSC10040-b,低压供油系统截止阀,bool,/,实物系统（数采）,SWSC,TCP,输出,,,,,,,,三维感知,SWGZ,TCP,低压供油系统截止阀,,,,
SWSC10040-b,低压供油系统截止阀,bool,/,实物系统（数采）,SWSC,TCP,输出,,,,,,,,虚拟操作,XNCZ,OPC UA客户端,低压供油系统截止阀,1,S,SWSC10040_B,
SWSC10041-b,冷却水供水手动截止阀,bool,/,实物系统（数采）,SWSC,TCP,输出,,,,,,,,三维感知,SWGZ,TCP,冷却水供水手动截止阀,,,,
SWSC10041-b,冷却水供水手动截止阀,bool,/,实物系统（数采）,SWSC,TCP,输出,,,,,,,,虚拟操作,XNCZ,OPC UA客户端,冷却水供水手动截止阀,1,S,SWSC10041_B,
SWSC10042-b,起动油路燃油电磁阀,bool,/,实物系统（数采）,SWSC,TCP,输出,,,,,,,,三维感知,SWGZ,TCP,起动油路燃油电磁阀,,,,
SWSC10042-b,起动油路燃油电磁阀,bool,/,实物系统（数采）,SWSC,TCP,输出,,,,,,,,虚拟操作,XNCZ,OPC UA客户端,起动油路燃油电磁阀,1,S,SWSC10042_B,
SWSC10043-b,故障排放阀,bool,/,实物系统（数采）,SWSC,TCP,输出,,,,,,,,三维感知,SWGZ,TCP,故障排放阀,,,,
SWSC10043-b,故障排放阀,bool,/,实物系统（数采）,SWSC,TCP,输出,,,,,,,,虚拟操作,XNCZ,OPC UA客户端,故障排放阀,1,S,SWSC10043_B,
SWSC20001-d,低压泵后压力,double,MPa,实物系统（数采）,SWSC,TCP,输出,5051,,,,,,,三维感知,SWGZ,TCP,低压泵后压力,,,,
SWSC20001-d,低压泵后压力,double,MPa,实物系统（数采）,SWSC,TCP,输出,5051,,,,,,,虚拟操作,XNCZ,OPC UA客户端,低压泵后压力,1,S,SWSC20001_D,
SWSC20002-d,被试泵入口压力,double,MPa,实物系统（数采）,SWSC,TCP,输出,5052,,,,,,,三维感知,SWGZ,TCP,被试泵入口压力,,,,
SWSC20002-d,被试泵入口压力,double,MPa,实物系统（数采）,SWSC,TCP,输出,5052,,,,,,,虚拟操作,XNCZ,OPC UA客户端,被试泵入口压力,1,S,SWSC20002_D,
SWSC20003-d,燃油滤前压力,double,MPa,实物系统（数采）,SWSC,TCP,输出,5074,,,,,,,三维感知,SWGZ,TCP,燃油滤前压力,,,,
SWSC20003-d,燃油滤前压力,double,MPa,实物系统（数采）,SWSC,TCP,输出,5074,,,,,,,虚拟操作,XNCZ,OPC UA客户端,燃油滤前压力,1,S,SWSC20003_D,
SWSC20004-d,燃油泵出口压力,double,MPa,实物系统（数采）,SWSC,TCP,输出,5053,,,,,,,三维感知,SWGZ,TCP,燃油泵出口压力,,,,
SWSC20004-d,燃油泵出口压力,double,MPa,实物系统（数采）,SWSC,TCP,输出,5053,,,,,,,虚拟操作,XNCZ,OPC UA客户端,燃油泵出口压力,1,S,SWSC20004_D,
SWSC20005-d,调节器出口压力,double,MPa,实物系统（数采）,SWSC,TCP,输出,5054,,,,,,,三维感知,SWGZ,TCP,调节器出口压力,,,,
SWSC20005-d,调节器出口压力,double,MPa,实物系统（数采）,SWSC,TCP,输出,5054,,,,,,,虚拟操作,XNCZ,OPC UA客户端,调节器出口压力,1,S,SWSC20005_D,
SWSC20006-d,1#油路压力,double,MPa,实物系统（数采）,SWSC,TCP,输出,5055,,,,,,,三维感知,SWGZ,TCP,1#油路压力,,,,
SWSC20006-d,1#油路压力,double,MPa,实物系统（数采）,SWSC,TCP,输出,5055,,,,,,,虚拟操作,XNCZ,OPC UA客户端,1#油路压力,1,S,SWSC20006_D,
SWSC20007-d,2#管路压力,double,MPa,实物系统（数采）,SWSC,TCP,输出,5056,,,,,,,三维感知,SWGZ,TCP,2#管路压力,,,,
SWSC20007-d,2#管路压力,double,MPa,实物系统（数采）,SWSC,TCP,输出,5056,,,,,,,虚拟操作,XNCZ,OPC UA客户端,2#管路压力,1,S,SWSC20007_D,
SWSC20008-d,喷嘴后压力,double,MPa,实物系统（数采）,SWSC,TCP,输出,5057,,,,,,,三维感知,SWGZ,TCP,喷嘴后压力,,,,
SWSC20008-d,喷嘴后压力,double,MPa,实物系统（数采）,SWSC,TCP,输出,5057,,,,,,,虚拟操作,XNCZ,OPC UA客户端,喷嘴后压力,1,S,SWSC20008_D,
SWSC20009-d,起动油路燃油压力,double,MPa,实物系统（数采）,SWSC,TCP,输出,5075,,,,,,,三维感知,SWGZ,TCP,起动油路燃油压力,,,,
SWSC20009-d,起动油路燃油压力,double,MPa,实物系统（数采）,SWSC,TCP,输出,5075,,,,,,,虚拟操作,XNCZ,OPC UA客户端,起动油路燃油压力,1,S,SWSC20009_D,
SWSC20010-d,冷却水入口压力,double,MPa,实物系统（数采）,SWSC,TCP,输出,5058,,,,,,,三维感知,SWGZ,TCP,冷却水入口压力,,,,
SWSC20010-d,冷却水入口压力,double,MPa,实物系统（数采）,SWSC,TCP,输出,5058,,,,,,,虚拟操作,XNCZ,OPC UA客户端,冷却水入口压力,1,S,SWSC20010_D,
SWSC20011-d,被试泵入口温度,double,℃,实物系统（数采）,SWSC,TCP,输出,5060,,,,,,,三维感知,SWGZ,TCP,被试泵入口温度,,,,
SWSC20011-d,被试泵入口温度,double,℃,实物系统（数采）,SWSC,TCP,输出,5060,,,,,,,虚拟操作,XNCZ,OPC UA客户端,被试泵入口温度,1,S,SWSC20011_D,
SWSC20012-d,流量计处回油温度,double,℃,实物系统（数采）,SWSC,TCP,输出,5076,,,,,,,三维感知,SWGZ,TCP,流量计处回油温度,,,,
SWSC20012-d,流量计处回油温度,double,℃,实物系统（数采）,SWSC,TCP,输出,5076,,,,,,,虚拟操作,XNCZ,OPC UA客户端,流量计处回油温度,1,S,SWSC20012_D,
SWSC20013-d,冷却水进口温度,double,℃,实物系统（数采）,SWSC,TCP,输出,5061,,,,,,,三维感知,SWGZ,TCP,冷却水进口温度,,,,
SWSC20013-d,冷却水进口温度,double,℃,实物系统（数采）,SWSC,TCP,输出,5061,,,,,,,虚拟操作,XNCZ,OPC UA客户端,冷却水进口温度,1,S,SWSC20013_D,
SWSC20014-d,FT005燃油流量,double,L/h，kg/h,实物系统（数采）,SWSC,TCP,输出,5049,,,,,,,三维感知,SWGZ,TCP,FT005燃油流量,,,,
SWSC20014-d,FT005燃油流量,double,L/h，kg/h,实物系统（数采）,SWSC,TCP,输出,5049,,,,,,,虚拟操作,XNCZ,OPC UA客户端,FT005燃油流量,1,S,SWSC20014_D,
SWSC20015-d,燃油调节阀进出口压差,double,MPa,实物系统（数采）,SWSC,TCP,输出,5050,,,,,,,三维感知,SWGZ,TCP,燃油调节阀进出口压差,,,,
SWSC20015-d,燃油调节阀进出口压差,double,MPa,实物系统（数采）,SWSC,TCP,输出,5050,,,,,,,虚拟操作,XNCZ,OPC UA客户端,燃油调节阀进出口压差,1,S,SWSC20015_D,
SWSC10001-b,主操作台急停,bool,/,实物系统（数采）,SWSC,TCP,输入,,,,三维感知,SWGZ,TCP,主操作台急停,,,,,,,
SWSC10001-b,主操作台急停,bool,/,实物系统（数采）,SWSC,TCP,输入,1,S,SWSC10001_B,虚拟操作,XNCZ,OPC UA客户端,主操作台急停,,,,,,,
SWSC10002-b,变频柜急停,bool,/,实物系统（数采）,SWSC,TCP,输入,,,,三维感知,SWGZ,TCP,变频柜急停,,,,,,,
SWSC10002-b,变频柜急停,bool,/,实物系统（数采）,SWSC,TCP,输入,1,S,SWSC10002_B,虚拟操作,XNCZ,OPC UA客户端,变频柜急停,,,,,,,
SWSC10003-b,FT005流量超限停机,bool,/,实物系统（数采）,SWSC,TCP,输入,,,,三维感知,SWGZ,TCP,FT005流量超限停机,,,,,,,
SWSC10003-b,FT005流量超限停机,bool,/,实物系统（数采）,SWSC,TCP,输入,1,S,SWSC10003_B,虚拟操作,XNCZ,OPC UA客户端,FT005流量超限停机,,,,,,,
SWSC10004-b,主控制柜急停,bool,/,实物系统（数采）,SWSC,TCP,输入,,,,三维感知,SWGZ,TCP,主控制柜急停,,,,,,,
SWSC10004-b,主控制柜急停,bool,/,实物系统（数采）,SWSC,TCP,输入,1,S,SWSC10004_B,虚拟操作,XNCZ,OPC UA客户端,主控制柜急停,,,,,,,
SWSC10005-b,低压泵返回故障,bool,/,实物系统（数采）,SWSC,TCP,输入,,,,三维感知,SWGZ,TCP,低压泵返回故障,,,,,,,
SWSC10005-b,低压泵返回故障,bool,/,实物系统（数采）,SWSC,TCP,输入,1,S,SWSC10005_B,虚拟操作,XNCZ,OPC UA客户端,低压泵返回故障,,,,,,,
SWSC10006-b,被试泵运行返回故障,bool,/,实物系统（数采）,SWSC,TCP,输入,,,,三维感知,SWGZ,TCP,被试泵运行返回故障,,,,,,,
SWSC10006-b,被试泵运行返回故障,bool,/,实物系统（数采）,SWSC,TCP,输入,1,S,SWSC10006_B,虚拟操作,XNCZ,OPC UA客户端,被试泵运行返回故障,,,,,,,
SWSC10007-b,辅助低压泵后压力上限停机,bool,/,实物系统（数采）,SWSC,TCP,输入,,,,三维感知,SWGZ,TCP,辅助低压泵后压力上限停机,,,,,,,
SWSC10007-b,辅助低压泵后压力上限停机,bool,/,实物系统（数采）,SWSC,TCP,输入,1,S,SWSC10007_B,虚拟操作,XNCZ,OPC UA客户端,辅助低压泵后压力上限停机,,,,,,,
SWSC10008-b,被试泵入口压力下限停机,bool,/,实物系统（数采）,SWSC,TCP,输入,,,,三维感知,SWGZ,TCP,被试泵入口压力下限停机,,,,,,,
SWSC10008-b,被试泵入口压力下限停机,bool,/,实物系统（数采）,SWSC,TCP,输入,1,S,SWSC10008_B,虚拟操作,XNCZ,OPC UA客户端,被试泵入口压力下限停机,,,,,,,
SWSC10009-b,被试泵出口压力上限停机,bool,/,实物系统（数采）,SWSC,TCP,输入,,,,三维感知,SWGZ,TCP,被试泵出口压力上限停机,,,,,,,
SWSC10009-b,被试泵出口压力上限停机,bool,/,实物系统（数采）,SWSC,TCP,输入,1,S,SWSC10009_B,虚拟操作,XNCZ,OPC UA客户端,被试泵出口压力上限停机,,,,,,,
SWSC10010-b,冷却水压力下限停机,bool,/,实物系统（数采）,SWSC,TCP,输入,,,,三维感知,SWGZ,TCP,冷却水压力下限停机,,,,,,,
SWSC10010-b,冷却水压力下限停机,bool,/,实物系统（数采）,SWSC,TCP,输入,1,S,SWSC10010_B,虚拟操作,XNCZ,OPC UA客户端,冷却水压力下限停机,,,,,,,
SWSC10011-b,被试泵转速超限停机,bool,/,实物系统（数采）,SWSC,TCP,输入,,,,三维感知,SWGZ,TCP,被试泵转速超限停机,,,,,,,
SWSC10011-b,被试泵转速超限停机,bool,/,实物系统（数采）,SWSC,TCP,输入,1,S,SWSC10011_B,虚拟操作,XNCZ,OPC UA客户端,被试泵转速超限停机,,,,,,,
SWSC10012-b,被试泵入口温度上限停机,bool,/,实物系统（数采）,SWSC,TCP,输入,,,,三维感知,SWGZ,TCP,被试泵入口温度上限停机,,,,,,,
SWSC10012-b,被试泵入口温度上限停机,bool,/,实物系统（数采）,SWSC,TCP,输入,1,S,SWSC10012_B,虚拟操作,XNCZ,OPC UA客户端,被试泵入口温度上限停机,,,,,,,
SWSC10013-b,油门杆动作,bool,/,实物系统（数采）,SWSC,TCP,输入,,,,三维感知,SWGZ,TCP,油门杆动作,,,,,,,
SWSC10013-b,油门杆动作,bool,/,实物系统（数采）,SWSC,TCP,输入,1,S,SWSC10013_B,虚拟操作,XNCZ,OPC UA客户端,油门杆动作,,,,,,,
SWSC10014-b,油门杆供电正常,bool,/,实物系统（数采）,SWSC,TCP,输入,,,,三维感知,SWGZ,TCP,油门杆供电正常,,,,,,,
SWSC10014-b,油门杆供电正常,bool,/,实物系统（数采）,SWSC,TCP,输入,1,S,SWSC10014_B,虚拟操作,XNCZ,OPC UA客户端,油门杆供电正常,,,,,,,
SWSC10015-b,反馈板电源正常,bool,/,实物系统（数采）,SWSC,TCP,输入,,,,三维感知,SWGZ,TCP,反馈板电源正常,,,,,,,
SWSC10015-b,反馈板电源正常,bool,/,实物系统（数采）,SWSC,TCP,输入,1,S,SWSC10015_B,虚拟操作,XNCZ,OPC UA客户端,反馈板电源正常,,,,,,,
SWSC10016-b,使能停止校验,bool,/,实物系统（数采）,SWSC,TCP,输入,,,,三维感知,SWGZ,TCP,使能停止校验,,,,,,,
SWSC10016-b,使能停止校验,bool,/,实物系统（数采）,SWSC,TCP,输入,1,S,SWSC10016_B,虚拟操作,XNCZ,OPC UA客户端,使能停止校验,,,,,,,
SWSC10017-b,停车开关关信号,bool,/,实物系统（数采）,SWSC,TCP,输入,,,,三维感知,SWGZ,TCP,停车开关关信号,,,,,,,
SWSC10017-b,停车开关关信号,bool,/,实物系统（数采）,SWSC,TCP,输入,1,S,SWSC10017_B,虚拟操作,XNCZ,OPC UA客户端,停车开关关信号,,,,,,,
SWSC10018-b,停车开关开信号,bool,/,实物系统（数采）,SWSC,TCP,输入,,,,三维感知,SWGZ,TCP,停车开关开信号,,,,,,,
SWSC10018-b,停车开关开信号,bool,/,实物系统（数采）,SWSC,TCP,输入,1,S,SWSC10018_B,虚拟操作,XNCZ,OPC UA客户端,停车开关开信号,,,,,,,
SWSC10019-b,低压泵运行反馈,bool,/,实物系统（数采）,SWSC,TCP,输入,,,,三维感知,SWGZ,TCP,低压泵运行反馈,,,,,,,
SWSC10019-b,低压泵运行反馈,bool,/,实物系统（数采）,SWSC,TCP,输入,1,S,SWSC10019_B,虚拟操作,XNCZ,OPC UA客户端,低压泵运行反馈,,,,,,,
SWSC10020-b,滑油泵运行反馈,bool,/,实物系统（数采）,SWSC,TCP,输入,,,,三维感知,SWGZ,TCP,滑油泵运行反馈,,,,,,,
SWSC10020-b,滑油泵运行反馈,bool,/,实物系统（数采）,SWSC,TCP,输入,1,S,SWSC10020_B,虚拟操作,XNCZ,OPC UA客户端,滑油泵运行反馈,,,,,,,
SWSC10021-b,被试泵运行反馈,bool,/,实物系统（数采）,SWSC,TCP,输入,,,,三维感知,SWGZ,TCP,被试泵运行反馈,,,,,,,
SWSC10021-b,被试泵运行反馈,bool,/,实物系统（数采）,SWSC,TCP,输入,1,S,SWSC10021_B,虚拟操作,XNCZ,OPC UA客户端,被试泵运行反馈,,,,,,,
SWSC10022-b,上位机手动故障复位,bool,/,实物系统（数采）,SWSC,TCP,输入,,,,三维感知,SWGZ,TCP,上位机手动故障复位,,,,,,,
SWSC10022-b,上位机手动故障复位,bool,/,实物系统（数采）,SWSC,TCP,输入,1,S,SWSC10022_B,虚拟操作,XNCZ,OPC UA客户端,上位机手动故障复位,,,,,,,
SWSC10023-b,油门设定值偏差报警,bool,/,实物系统（数采）,SWSC,TCP,输入,,,,三维感知,SWGZ,TCP,油门设定值偏差报警,,,,,,,
SWSC10023-b,油门设定值偏差报警,bool,/,实物系统（数采）,SWSC,TCP,输入,1,S,SWSC10023_B,虚拟操作,XNCZ,OPC UA客户端,油门设定值偏差报警,,,,,,,
SWSC10024-b,油门输入输出差报警,bool,/,实物系统（数采）,SWSC,TCP,输入,,,,三维感知,SWGZ,TCP,油门输入输出差报警,,,,,,,
SWSC10024-b,油门输入输出差报警,bool,/,实物系统（数采）,SWSC,TCP,输入,1,S,SWSC10024_B,虚拟操作,XNCZ,OPC UA客户端,油门输入输出差报警,,,,,,,
SWSC10025-b,FCV001输入输出差值报警,bool,/,实物系统（数采）,SWSC,TCP,输入,,,,三维感知,SWGZ,TCP,FCV001输入输出差值报警,,,,,,,
SWSC10025-b,FCV001输入输出差值报警,bool,/,实物系统（数采）,SWSC,TCP,输入,1,S,SWSC10025_B,虚拟操作,XNCZ,OPC UA客户端,FCV001输入输出差值报警,,,,,,,
SWSC10026-b,FCV002输入输出差值报警,bool,/,实物系统（数采）,SWSC,TCP,输入,,,,三维感知,SWGZ,TCP,FCV002输入输出差值报警,,,,,,,
SWSC10026-b,FCV002输入输出差值报警,bool,/,实物系统（数采）,SWSC,TCP,输入,1,S,SWSC10026_B,虚拟操作,XNCZ,OPC UA客户端,FCV002输入输出差值报警,,,,,,,
SWSC10027-b,FT005流量超限报警,bool,/,实物系统（数采）,SWSC,TCP,输入,,,,三维感知,SWGZ,TCP,FT005流量超限报警,,,,,,,
SWSC10027-b,FT005流量超限报警,bool,/,实物系统（数采）,SWSC,TCP,输入,1,S,SWSC10027_B,虚拟操作,XNCZ,OPC UA客户端,FT005流量超限报警,,,,,,,
SWSC10028-b,低压泵后压力上限报警,bool,/,实物系统（数采）,SWSC,TCP,输入,,,,三维感知,SWGZ,TCP,低压泵后压力上限报警,,,,,,,
SWSC10028-b,低压泵后压力上限报警,bool,/,实物系统（数采）,SWSC,TCP,输入,1,S,SWSC10028_B,虚拟操作,XNCZ,OPC UA客户端,低压泵后压力上限报警,,,,,,,
SWSC10029-b,被试泵入口压力下限报警,bool,/,实物系统（数采）,SWSC,TCP,输入,,,,三维感知,SWGZ,TCP,被试泵入口压力下限报警,,,,,,,
SWSC10029-b,被试泵入口压力下限报警,bool,/,实物系统（数采）,SWSC,TCP,输入,1,S,SWSC10029_B,虚拟操作,XNCZ,OPC UA客户端,被试泵入口压力下限报警,,,,,,,
SWSC10030-b,被试泵出口压力上限报警,bool,/,实物系统（数采）,SWSC,TCP,输入,,,,三维感知,SWGZ,TCP,被试泵出口压力上限报警,,,,,,,
SWSC10030-b,被试泵出口压力上限报警,bool,/,实物系统（数采）,SWSC,TCP,输入,1,S,SWSC10030_B,虚拟操作,XNCZ,OPC UA客户端,被试泵出口压力上限报警,,,,,,,
SWSC10031-b,自动油滤压力上限报警,bool,/,实物系统（数采）,SWSC,TCP,输入,,,,三维感知,SWGZ,TCP,自动油滤压力上限报警,,,,,,,
SWSC10031-b,自动油滤压力上限报警,bool,/,实物系统（数采）,SWSC,TCP,输入,1,S,SWSC10031_B,虚拟操作,XNCZ,OPC UA客户端,自动油滤压力上限报警,,,,,,,
SWSC10032-b,冷却水压力下限报警,bool,/,实物系统（数采）,SWSC,TCP,输入,,,,三维感知,SWGZ,TCP,冷却水压力下限报警,,,,,,,
SWSC10032-b,冷却水压力下限报警,bool,/,实物系统（数采）,SWSC,TCP,输入,1,S,SWSC10032_B,虚拟操作,XNCZ,OPC UA客户端,冷却水压力下限报警,,,,,,,
SWSC10033-b,被试泵转速超范围报警,bool,/,实物系统（数采）,SWSC,TCP,输入,,,,三维感知,SWGZ,TCP,被试泵转速超范围报警,,,,,,,
SWSC10033-b,被试泵转速超范围报警,bool,/,实物系统（数采）,SWSC,TCP,输入,1,S,SWSC10033_B,虚拟操作,XNCZ,OPC UA客户端,被试泵转速超范围报警,,,,,,,
SWSC10034-b,转速输入输出差值报警,bool,/,实物系统（数采）,SWSC,TCP,输入,,,,三维感知,SWGZ,TCP,转速输入输出差值报警,,,,,,,
SWSC10034-b,转速输入输出差值报警,bool,/,实物系统（数采）,SWSC,TCP,输入,1,S,SWSC10034_B,虚拟操作,XNCZ,OPC UA客户端,转速输入输出差值报警,,,,,,,
SWSC10035-b,被试泵入口温度上限报警,bool,/,实物系统（数采）,SWSC,TCP,输入,,,,三维感知,SWGZ,TCP,被试泵入口温度上限报警,,,,,,,
SWSC10035-b,被试泵入口温度上限报警,bool,/,实物系统（数采）,SWSC,TCP,输入,1,S,SWSC10035_B,虚拟操作,XNCZ,OPC UA客户端,被试泵入口温度上限报警,,,,,,,
SWSC10036-d,低压电动调节阀输出,double,%,实物系统（数采）,SWSC,TCP,输入,,,,三维感知,SWGZ,TCP,低压电动调节阀输出,,,,,,,
SWSC10036-d,低压电动调节阀输出,double,%,实物系统（数采）,SWSC,TCP,输入,1,S,SWSC10036_D,虚拟操作,XNCZ,OPC UA客户端,低压电动调节阀输出,,,,,,,
SWSC10037-d,高压电动调节阀输出,double,%,实物系统（数采）,SWSC,TCP,输入,,,,三维感知,SWGZ,TCP,高压电动调节阀输出,,,,,,,
SWSC10037-d,高压电动调节阀输出,double,%,实物系统（数采）,SWSC,TCP,输入,1,S,SWSC10037_D,虚拟操作,XNCZ,OPC UA客户端,高压电动调节阀输出,,,,,,,
SWSC10038-d,油门位置反馈,double,°,实物系统（数采）,SWSC,TCP,输入,,,,三维感知,SWGZ,TCP,油门位置反馈,,,,,,,
SWSC10038-d,油门位置反馈,double,°,实物系统（数采）,SWSC,TCP,输入,1,S,SWSC10038_D,虚拟操作,XNCZ,OPC UA客户端,油门位置反馈,,,,,,,
SWSC10039-d,被试泵转速,double,r/min,实物系统（数采）,SWSC,TCP,输入,,,,三维感知,SWGZ,TCP,被试泵转速,,,,,,,
SWSC10039-d,被试泵转速,double,r/min,实物系统（数采）,SWSC,TCP,输入,1,S,SWSC10039_D,虚拟操作,XNCZ,OPC UA客户端,被试泵转速,,,,,,,
SWSC10040-b,低压供油系统截止阀,bool,/,实物系统（数采）,SWSC,TCP,输入,,,,三维感知,SWGZ,TCP,低压供油系统截止阀,,,,,,,
SWSC10040-b,低压供油系统截止阀,bool,/,实物系统（数采）,SWSC,TCP,输入,1,S,SWSC10040_B,虚拟操作,XNCZ,OPC UA客户端,低压供油系统截止阀,,,,,,,
SWSC10041-b,冷却水供水手动截止阀,bool,/,实物系统（数采）,SWSC,TCP,输入,,,,三维感知,SWGZ,TCP,冷却水供水手动截止阀,,,,,,,
SWSC10041-b,冷却水供水手动截止阀,bool,/,实物系统（数采）,SWSC,TCP,输入,1,S,SWSC10041_B,虚拟操作,XNCZ,OPC UA客户端,冷却水供水手动截止阀,,,,,,,
SWSC10042-b,起动油路燃油电磁阀,bool,/,实物系统（数采）,SWSC,TCP,输入,,,,三维感知,SWGZ,TCP,起动油路燃油电磁阀,,,,,,,
SWSC10042-b,起动油路燃油电磁阀,bool,/,实物系统（数采）,SWSC,TCP,输入,1,S,SWSC10042_B,虚拟操作,XNCZ,OPC UA客户端,起动油路燃油电磁阀,,,,,,,
SWSC10043-b,故障排放阀,bool,/,实物系统（数采）,SWSC,TCP,输入,,,,三维感知,SWGZ,TCP,故障排放阀,,,,,,,
SWSC10043-b,故障排放阀,bool,/,实物系统（数采）,SWSC,TCP,输入,1,S,SWSC10043_B,虚拟操作,XNCZ,OPC UA客户端,故障排放阀,,,,,,,
SWSC20001-d,低压泵后压力,double,MPa,实物系统（数采）,SWSC,TCP,输入,,,,三维感知,SWGZ,TCP,低压泵后压力,,,,,,,
SWSC20001-d,低压泵后压力,double,MPa,实物系统（数采）,SWSC,TCP,输入,1,S,SWSC20001_D,虚拟操作,XNCZ,OPC UA客户端,低压泵后压力,,,,,,,
SWSC20002-d,被试泵入口压力,double,MPa,实物系统（数采）,SWSC,TCP,输入,,,,三维感知,SWGZ,TCP,被试泵入口压力,,,,,,,
SWSC20002-d,被试泵入口压力,double,MPa,实物系统（数采）,SWSC,TCP,输入,1,S,SWSC20002_D,虚拟操作,XNCZ,OPC UA客户端,被试泵入口压力,,,,,,,
SWSC20003-d,燃油滤前压力,double,MPa,实物系统（数采）,SWSC,TCP,输入,,,,三维感知,SWGZ,TCP,燃油滤前压力,,,,,,,
SWSC20003-d,燃油滤前压力,double,MPa,实物系统（数采）,SWSC,TCP,输入,1,S,SWSC20003_D,虚拟操作,XNCZ,OPC UA客户端,燃油滤前压力,,,,,,,
SWSC20004-d,燃油泵出口压力,double,MPa,实物系统（数采）,SWSC,TCP,输入,,,,三维感知,SWGZ,TCP,燃油泵出口压力,,,,,,,
SWSC20004-d,燃油泵出口压力,double,MPa,实物系统（数采）,SWSC,TCP,输入,1,S,SWSC20004_D,虚拟操作,XNCZ,OPC UA客户端,燃油泵出口压力,,,,,,,
SWSC20005-d,调节器出口压力,double,MPa,实物系统（数采）,SWSC,TCP,输入,,,,三维感知,SWGZ,TCP,调节器出口压力,,,,,,,
SWSC20005-d,调节器出口压力,double,MPa,实物系统（数采）,SWSC,TCP,输入,1,S,SWSC20005_D,虚拟操作,XNCZ,OPC UA客户端,调节器出口压力,,,,,,,
SWSC20006-d,1#油路压力,double,MPa,实物系统（数采）,SWSC,TCP,输入,,,,三维感知,SWGZ,TCP,1#油路压力,,,,,,,
SWSC20006-d,1#油路压力,double,MPa,实物系统（数采）,SWSC,TCP,输入,1,S,SWSC20006_D,虚拟操作,XNCZ,OPC UA客户端,1#油路压力,,,,,,,
SWSC20007-d,2#管路压力,double,MPa,实物系统（数采）,SWSC,TCP,输入,,,,三维感知,SWGZ,TCP,2#管路压力,,,,,,,
SWSC20007-d,2#管路压力,double,MPa,实物系统（数采）,SWSC,TCP,输入,1,S,SWSC20007_D,虚拟操作,XNCZ,OPC UA客户端,2#管路压力,,,,,,,
SWSC20008-d,喷嘴后压力,double,MPa,实物系统（数采）,SWSC,TCP,输入,,,,三维感知,SWGZ,TCP,喷嘴后压力,,,,,,,
SWSC20008-d,喷嘴后压力,double,MPa,实物系统（数采）,SWSC,TCP,输入,1,S,SWSC20008_D,虚拟操作,XNCZ,OPC UA客户端,喷嘴后压力,,,,,,,
SWSC20009-d,起动油路燃油压力,double,MPa,实物系统（数采）,SWSC,TCP,输入,,,,三维感知,SWGZ,TCP,起动油路燃油压力,,,,,,,
SWSC20009-d,起动油路燃油压力,double,MPa,实物系统（数采）,SWSC,TCP,输入,1,S,SWSC20009_D,虚拟操作,XNCZ,OPC UA客户端,起动油路燃油压力,,,,,,,
SWSC20010-d,冷却水入口压力,double,MPa,实物系统（数采）,SWSC,TCP,输入,,,,三维感知,SWGZ,TCP,冷却水入口压力,,,,,,,
SWSC20010-d,冷却水入口压力,double,MPa,实物系统（数采）,SWSC,TCP,输入,1,S,SWSC20010_D,虚拟操作,XNCZ,OPC UA客户端,冷却水入口压力,,,,,,,
SWSC20011-d,被试泵入口温度,double,℃,实物系统（数采）,SWSC,TCP,输入,,,,三维感知,SWGZ,TCP,被试泵入口温度,,,,,,,
SWSC20011-d,被试泵入口温度,double,℃,实物系统（数采）,SWSC,TCP,输入,1,S,SWSC20011_D,虚拟操作,XNCZ,OPC UA客户端,被试泵入口温度,,,,,,,
SWSC20012-d,流量计处回油温度,double,℃,实物系统（数采）,SWSC,TCP,输入,,,,三维感知,SWGZ,TCP,流量计处回油温度,,,,,,,
SWSC20012-d,流量计处回油温度,double,℃,实物系统（数采）,SWSC,TCP,输入,1,S,SWSC20012_D,虚拟操作,XNCZ,OPC UA客户端,流量计处回油温度,,,,,,,
SWSC20013-d,冷却水进口温度,double,℃,实物系统（数采）,SWSC,TCP,输入,,,,三维感知,SWGZ,TCP,冷却水进口温度,,,,,,,
SWSC20013-d,冷却水进口温度,double,℃,实物系统（数采）,SWSC,TCP,输入,1,S,SWSC20013_D,虚拟操作,XNCZ,OPC UA客户端,冷却水进口温度,,,,,,,
SWSC20014-d,FT005燃油流量,double,L/h，kg/h,实物系统（数采）,SWSC,TCP,输入,,,,三维感知,SWGZ,TCP,FT005燃油流量,,,,,,,
SWSC20014-d,FT005燃油流量,double,L/h，kg/h,实物系统（数采）,SWSC,TCP,输入,1,S,SWSC20014_D,虚拟操作,XNCZ,OPC UA客户端,FT005燃油流量,,,,,,,
SWSC20015-d,燃油调节阀进出口压差,double,MPa,实物系统（数采）,SWSC,TCP,输入,,,,三维感知,SWGZ,TCP,燃油调节阀进出口压差,,,,,,,
SWSC20015-d,燃油调节阀进出口压差,double,MPa,实物系统（数采）,SWSC,TCP,输入,1,S,SWSC20015_D,虚拟操作,XNCZ,OPC UA客户端,燃油调节阀进出口压差,,,,,,,
SWXT10001-b,主操作台急停,bool,/,实物系统（PLC）,SWXT,TCP,输出,2,S,Channel2.Device2.Alarm.CONEStop,,,,,虚拟操作,XNCZ,OPC UA客户端,主操作台急停,1,S,SWXT10001_B,
SWXT10002-b,变频柜急停,bool,/,实物系统（PLC）,SWXT,TCP,输出,2,S,Channel2.Device2.Alarm.FCCEStop,,,,,虚拟操作,XNCZ,OPC UA客户端,变频柜急停,1,S,SWXT10002_B,
SWXT10003-b,FT005流量超限停机,bool,/,实物系统（PLC）,SWXT,TCP,输出,2,S,Channel2.Device2.Alarm.FT005_OutRange_Fault,,,,,虚拟操作,XNCZ,OPC UA客户端,FT005流量超限停机,1,S,SWXT10003_B,
SWXT10004-b,主控制柜急停,bool,/,实物系统（PLC）,SWXT,TCP,输出,2,S,Channel2.Device2.Alarm.MCCEStop,,,,,虚拟操作,XNCZ,OPC UA客户端,主控制柜急停,1,S,SWXT10004_B,
SWXT10005-b,低压泵返回故障,bool,/,实物系统（PLC）,SWXT,TCP,输出,2,S,Channel2.Device2.Alarm.P002_RunBackFault,,,,,虚拟操作,XNCZ,OPC UA客户端,低压泵返回故障,1,S,SWXT10005_B,
SWXT10006-b,被试泵运行返回故障,bool,/,实物系统（PLC）,SWXT,TCP,输出,2,S,Channel2.Device2.Alarm.P004_RunBackFault,,,,,虚拟操作,XNCZ,OPC UA客户端,被试泵运行返回故障,1,S,SWXT10006_B,
SWXT10007-b,辅助低压泵后压力上限停机,bool,/,实物系统（PLC）,SWXT,TCP,输出,2,S,Channel2.Device2.Alarm.PT001_FaultH,,,,,虚拟操作,XNCZ,OPC UA客户端,辅助低压泵后压力上限停机,1,S,SWXT10007_B,
SWXT10008-b,被试泵入口压力下限停机,bool,/,实物系统（PLC）,SWXT,TCP,输出,2,S,Channel2.Device2.Alarm.PT002_FaultL,,,,,虚拟操作,XNCZ,OPC UA客户端,被试泵入口压力下限停机,1,S,SWXT10008_B,
SWXT10009-b,被试泵出口压力上限停机,bool,/,实物系统（PLC）,SWXT,TCP,输出,2,S,Channel2.Device2.Alarm.PT003_FaultH,,,,,虚拟操作,XNCZ,OPC UA客户端,被试泵出口压力上限停机,1,S,SWXT10009_B,
SWXT10010-b,冷却水压力下限停机,bool,/,实物系统（PLC）,SWXT,TCP,输出,2,S,Channel2.Device2.Alarm.PT010_FaultL,,,,,虚拟操作,XNCZ,OPC UA客户端,冷却水压力下限停机,1,S,SWXT10010_B,
SWXT10011-b,被试泵转速超限停机,bool,/,实物系统（PLC）,SWXT,TCP,输出,2,S,Channel2.Device2.Alarm.S001_OutRange_Fault,,,,,虚拟操作,XNCZ,OPC UA客户端,被试泵转速超限停机,1,S,SWXT10011_B,
SWXT10012-b,被试泵入口温度上限停机,bool,/,实物系统（PLC）,SWXT,TCP,输出,2,S,Channel2.Device2.Alarm.TE001_FaultH,,,,,虚拟操作,XNCZ,OPC UA客户端,被试泵入口温度上限停机,1,S,SWXT10012_B,
SWXT10013-b,油门杆动作,bool,/,实物系统（PLC）,SWXT,TCP,输出,2,S,Channel2.Device2.Signal.FK040,,,,,虚拟操作,XNCZ,OPC UA客户端,油门杆动作,1,S,SWXT10013_B,
SWXT10014-b,油门杆供电正常,bool,/,实物系统（PLC）,SWXT,TCP,输出,2,S,Channel2.Device2.Signal.FK050,,,,,虚拟操作,XNCZ,OPC UA客户端,油门杆供电正常,1,S,SWXT10014_B,
SWXT10015-b,反馈板电源正常,bool,/,实物系统（PLC）,SWXT,TCP,输出,2,S,Channel2.Device2.Signal.FK070,,,,,虚拟操作,XNCZ,OPC UA客户端,反馈板电源正常,1,S,SWXT10015_B,
SWXT10016-b,使能停止校验,bool,/,实物系统（PLC）,SWXT,TCP,输出,2,S,Channel2.Device2.Signal.FK080,,,,,虚拟操作,XNCZ,OPC UA客户端,使能停止校验,1,S,SWXT10016_B,
SWXT10017-b,停车开关关信号,bool,/,实物系统（PLC）,SWXT,TCP,输出,2,S,Channel2.Device2.Signal.M001_CLOSE,,,,,虚拟操作,XNCZ,OPC UA客户端,停车开关关信号,1,S,SWXT10017_B,
SWXT10018-b,停车开关开信号,bool,/,实物系统（PLC）,SWXT,TCP,输出,2,S,Channel2.Device2.Signal.M001_OPEN,,,,,虚拟操作,XNCZ,OPC UA客户端,停车开关开信号,1,S,SWXT10018_B,
SWXT10019-b,低压泵运行反馈,bool,/,实物系统（PLC）,SWXT,TCP,输出,2,S,Channel2.Device2.Signal.P002_Running,,,,,虚拟操作,XNCZ,OPC UA客户端,低压泵运行反馈,1,S,SWXT10019_B,
SWXT10020-b,滑油泵运行反馈,bool,/,实物系统（PLC）,SWXT,TCP,输出,2,S,Channel2.Device2.Signal.P003_Running,,,,,虚拟操作,XNCZ,OPC UA客户端,滑油泵运行反馈,1,S,SWXT10020_B,
SWXT10021-b,被试泵运行反馈,bool,/,实物系统（PLC）,SWXT,TCP,输出,2,S,Channel2.Device2.Signal.P004_Running,,,,,虚拟操作,XNCZ,OPC UA客户端,被试泵运行反馈,1,S,SWXT10021_B,
SWXT10022-b,上位机手动故障复位,bool,/,实物系统（PLC）,SWXT,TCP,输出,2,S,Channel2.Device2.Alarm.ManResetFault,,,,,虚拟操作,XNCZ,OPC UA客户端,上位机手动故障复位,1,S,SWXT10022_B,
SWXT10023-b,油门设定值偏差报警,bool,/,实物系统（PLC）,SWXT,TCP,输出,2,S,Channel2.Device2.Alarm.AC001_OutRange_Alarm,,,,,虚拟操作,XNCZ,OPC UA客户端,油门设定值偏差报警,1,S,SWXT10023_B,
SWXT10024-b,油门输入输出差报警,bool,/,实物系统（PLC）,SWXT,TCP,输出,2,S,Channel2.Device2.Alarm.AC001_SUB_Alarm,,,,,虚拟操作,XNCZ,OPC UA客户端,油门输入输出差报警,1,S,SWXT10024_B,
SWXT10025-b,FCV001输入输出差值报警,bool,/,实物系统（PLC）,SWXT,TCP,输出,2,S,Channel2.Device2.Alarm.FCV001_SUB_Alarm,,,,,虚拟操作,XNCZ,OPC UA客户端,FCV001输入输出差值报警,1,S,SWXT10025_B,
SWXT10026-b,FCV002输入输出差值报警,bool,/,实物系统（PLC）,SWXT,TCP,输出,2,S,Channel2.Device2.Alarm.FCV002_SUB_Alarm,,,,,虚拟操作,XNCZ,OPC UA客户端,FCV002输入输出差值报警,1,S,SWXT10026_B,
SWXT10027-b,FT005流量超限报警,bool,/,实物系统（PLC）,SWXT,TCP,输出,2,S,Channel2.Device2.Alarm.FT005_OutRange_Alarm,,,,,虚拟操作,XNCZ,OPC UA客户端,FT005流量超限报警,1,S,SWXT10027_B,
SWXT10028-b,低压泵后压力上限报警,bool,/,实物系统（PLC）,SWXT,TCP,输出,2,S,Channel2.Device2.Alarm.PT001_AlarmH,,,,,虚拟操作,XNCZ,OPC UA客户端,低压泵后压力上限报警,1,S,SWXT10028_B,
SWXT10029-b,被试泵入口压力下限报警,bool,/,实物系统（PLC）,SWXT,TCP,输出,2,S,Channel2.Device2.Alarm.PT002_AlarmL,,,,,虚拟操作,XNCZ,OPC UA客户端,被试泵入口压力下限报警,1,S,SWXT10029_B,
SWXT10030-b,被试泵出口压力上限报警,bool,/,实物系统（PLC）,SWXT,TCP,输出,2,S,Channel2.Device2.Alarm.PT003_AlarmH,,,,,虚拟操作,XNCZ,OPC UA客户端,被试泵出口压力上限报警,1,S,SWXT10030_B,
SWXT10031-b,自动油滤压力上限报警,bool,/,实物系统（PLC）,SWXT,TCP,输出,2,S,Channel2.Device2.Alarm.PT008_AlarmH,,,,,虚拟操作,XNCZ,OPC UA客户端,自动油滤压力上限报警,1,S,SWXT10031_B,
SWXT10032-b,冷却水压力下限报警,bool,/,实物系统（PLC）,SWXT,TCP,输出,2,S,Channel2.Device2.Alarm.PT010_AlarmL,,,,,虚拟操作,XNCZ,OPC UA客户端,冷却水压力下限报警,1,S,SWXT10032_B,
SWXT10033-b,被试泵转速超范围报警,bool,/,实物系统（PLC）,SWXT,TCP,输出,2,S,Channel2.Device2.Alarm.S001_OutRange_Alarm,,,,,虚拟操作,XNCZ,OPC UA客户端,被试泵转速超范围报警,1,S,SWXT10033_B,
SWXT10034-b,转速输入输出差值报警,bool,/,实物系统（PLC）,SWXT,TCP,输出,2,S,Channel2.Device2.Alarm.S001_SUB_Alarm,,,,,虚拟操作,XNCZ,OPC UA客户端,转速输入输出差值报警,1,S,SWXT10034_B,
SWXT10035-b,被试泵入口温度上限报警,bool,/,实物系统（PLC）,SWXT,TCP,输出,2,S,Channel2.Device2.Alarm.TE001_AlarmH,,,,,虚拟操作,XNCZ,OPC UA客户端,被试泵入口温度上限报警,1,S,SWXT10035_B,
SWXT10036-d,低压电动调节阀输出,double,%,实物系统（PLC）,SWXT,TCP,输出,2,S,Channel2.Device2.PV.FCV001_AI,,,,,虚拟操作,XNCZ,OPC UA客户端,低压电动调节阀输出,1,S,SWXT10036_D,
SWXT10037-d,高压电动调节阀输出,double,%,实物系统（PLC）,SWXT,TCP,输出,2,S,Channel2.Device2.PV.FCV002_AI,,,,,虚拟操作,XNCZ,OPC UA客户端,高压电动调节阀输出,1,S,SWXT10037_D,
SWXT10038-d,油门位置反馈,double,°,实物系统（PLC）,SWXT,TCP,输出,2,S,Channel2.Device2.PV.AC001,,,,,虚拟操作,XNCZ,OPC UA客户端,油门位置反馈,1,S,SWXT10038_D,
SWXT10039-d,被试泵转速,double,r/min,实物系统（PLC）,SWXT,TCP,输出,2,S,Channel2.Device2.PV.S001,,,,,虚拟操作,XNCZ,OPC UA客户端,被试泵转速,1,S,SWXT10039_D,
SWXT10040-b,低压供油系统截止阀,bool,/,实物系统（PLC）,SWXT,TCP,输出,,,,,,,,虚拟操作,XNCZ,OPC UA客户端,低压供油系统截止阀,1,S,SWXT10040_B,
SWXT10041-b,冷却水供水手动截止阀,bool,/,实物系统（PLC）,SWXT,TCP,输出,,,,,,,,虚拟操作,XNCZ,OPC UA客户端,冷却水供水手动截止阀,1,S,SWXT10041_B,
SWXT10042-b,起动油路燃油电磁阀,bool,/,实物系统（PLC）,SWXT,TCP,输出,,,,,,,,虚拟操作,XNCZ,OPC UA客户端,起动油路燃油电磁阀,1,S,SWXT10042_B,
SWXT10043-b,故障排放阀,bool,/,实物系统（PLC）,SWXT,TCP,输出,,,,,,,,虚拟操作,XNCZ,OPC UA客户端,故障排放阀,1,S,SWXT10043_B,
SWXT20001-d,低压泵后压力,double,MPa,实物系统（PLC）,SWXT,TCP,输出,2,S,Channel2.Device2.PV.PT001,,,,,虚拟操作,XNCZ,OPC UA客户端,低压泵后压力,1,S,SWXT20001_D,
SWXT20002-d,被试泵入口压力,double,MPa,实物系统（PLC）,SWXT,TCP,输出,2,S,Channel2.Device2.PV.PT002,,,,,虚拟操作,XNCZ,OPC UA客户端,被试泵入口压力,1,S,SWXT20002_D,
SWXT20003-d,燃油滤前压力,double,MPa,实物系统（PLC）,SWXT,TCP,输出,2,S,Channel2.Device2.PV.PT003,,,,,虚拟操作,XNCZ,OPC UA客户端,燃油滤前压力,1,S,SWXT20003_D,
SWXT20004-d,燃油泵出口压力,double,MPa,实物系统（PLC）,SWXT,TCP,输出,2,S,Channel2.Device2.PV.PT004,,,,,虚拟操作,XNCZ,OPC UA客户端,燃油泵出口压力,1,S,SWXT20004_D,
SWXT20005-d,调节器出口压力,double,MPa,实物系统（PLC）,SWXT,TCP,输出,2,S,Channel2.Device2.PV.PT005,,,,,虚拟操作,XNCZ,OPC UA客户端,调节器出口压力,1,S,SWXT20005_D,
SWXT20006-d,1#油路压力,double,MPa,实物系统（PLC）,SWXT,TCP,输出,2,S,Channel2.Device2.PV.PT006,,,,,虚拟操作,XNCZ,OPC UA客户端,1#油路压力,1,S,SWXT20006_D,
SWXT20007-d,2#管路压力,double,MPa,实物系统（PLC）,SWXT,TCP,输出,2,S,Channel2.Device2.PV.PT007,,,,,虚拟操作,XNCZ,OPC UA客户端,2#管路压力,1,S,SWXT20007_D,
SWXT20008-d,喷嘴后压力,double,MPa,实物系统（PLC）,SWXT,TCP,输出,2,S,Channel2.Device2.PV.PT008,,,,,虚拟操作,XNCZ,OPC UA客户端,喷嘴后压力,1,S,SWXT20008_D,
SWXT20009-d,起动油路燃油压力,double,MPa,实物系统（PLC）,SWXT,TCP,输出,2,S,Channel2.Device2.PV.PT009,,,,,虚拟操作,XNCZ,OPC UA客户端,起动油路燃油压力,1,S,SWXT20009_D,
SWXT20010-d,冷却水入口压力,double,MPa,实物系统（PLC）,SWXT,TCP,输出,2,S,Channel2.Device2.PV.PT010,,,,,虚拟操作,XNCZ,OPC UA客户端,冷却水入口压力,1,S,SWXT20010_D,
SWXT20011-d,被试泵入口温度,double,℃,实物系统（PLC）,SWXT,TCP,输出,2,S,Channel2.Device2.PV.TE001,,,,,虚拟操作,XNCZ,OPC UA客户端,被试泵入口温度,1,S,SWXT20011_D,
SWXT20012-d,流量计处回油温度,double,℃,实物系统（PLC）,SWXT,TCP,输出,2,S,Channel2.Device2.PV.TE002,,,,,虚拟操作,XNCZ,OPC UA客户端,流量计处回油温度,1,S,SWXT20012_D,
SWXT20013-d,冷却水进口温度,double,℃,实物系统（PLC）,SWXT,TCP,输出,2,S,Channel2.Device2.PV.TE003,,,,,虚拟操作,XNCZ,OPC UA客户端,冷却水进口温度,1,S,SWXT20013_D,
SWXT20014-d,FT005燃油流量,double,L/h，kg/h,实物系统（PLC）,SWXT,TCP,输出,2,S,Channel2.Device2.PV.FT005,,,,,虚拟操作,XNCZ,OPC UA客户端,FT005燃油流量,1,S,SWXT20014_D,
SWXT20015-d,燃油调节阀进出口压差,double,MPa,实物系统（PLC）,SWXT,TCP,输出,2,S,Channel2.Device2.PV.PDP0011,,,,,虚拟操作,XNCZ,OPC UA客户端,燃油调节阀进出口压差,1,S,SWXT20015_D,
SWXT10001-b,主操作台急停,bool,/,实物系统（PLC）,SWXT,TCP,输入,1,S,SWXT10001_B,虚拟操作,XNCZ,OPC UA客户端,主操作台急停,,,,,,,
SWXT10002-b,变频柜急停,bool,/,实物系统（PLC）,SWXT,TCP,输入,1,S,SWXT10002_B,虚拟操作,XNCZ,OPC UA客户端,变频柜急停,,,,,,,
SWXT10003-b,FT005流量超限停机,bool,/,实物系统（PLC）,SWXT,TCP,输入,1,S,SWXT10003_B,虚拟操作,XNCZ,OPC UA客户端,FT005流量超限停机,,,,,,,
SWXT10004-b,主控制柜急停,bool,/,实物系统（PLC）,SWXT,TCP,输入,1,S,SWXT10004_B,虚拟操作,XNCZ,OPC UA客户端,主控制柜急停,,,,,,,
SWXT10005-b,低压泵返回故障,bool,/,实物系统（PLC）,SWXT,TCP,输入,1,S,SWXT10005_B,虚拟操作,XNCZ,OPC UA客户端,低压泵返回故障,,,,,,,
SWXT10006-b,被试泵运行返回故障,bool,/,实物系统（PLC）,SWXT,TCP,输入,1,S,SWXT10006_B,虚拟操作,XNCZ,OPC UA客户端,被试泵运行返回故障,,,,,,,
SWXT10007-b,辅助低压泵后压力上限停机,bool,/,实物系统（PLC）,SWXT,TCP,输入,1,S,SWXT10007_B,虚拟操作,XNCZ,OPC UA客户端,辅助低压泵后压力上限停机,,,,,,,
SWXT10008-b,被试泵入口压力下限停机,bool,/,实物系统（PLC）,SWXT,TCP,输入,1,S,SWXT10008_B,虚拟操作,XNCZ,OPC UA客户端,被试泵入口压力下限停机,,,,,,,
SWXT10009-b,被试泵出口压力上限停机,bool,/,实物系统（PLC）,SWXT,TCP,输入,1,S,SWXT10009_B,虚拟操作,XNCZ,OPC UA客户端,被试泵出口压力上限停机,,,,,,,
SWXT10010-b,冷却水压力下限停机,bool,/,实物系统（PLC）,SWXT,TCP,输入,1,S,SWXT10010_B,虚拟操作,XNCZ,OPC UA客户端,冷却水压力下限停机,,,,,,,
SWXT10011-b,被试泵转速超限停机,bool,/,实物系统（PLC）,SWXT,TCP,输入,1,S,SWXT10011_B,虚拟操作,XNCZ,OPC UA客户端,被试泵转速超限停机,,,,,,,
SWXT10012-b,被试泵入口温度上限停机,bool,/,实物系统（PLC）,SWXT,TCP,输入,1,S,SWXT10012_B,虚拟操作,XNCZ,OPC UA客户端,被试泵入口温度上限停机,,,,,,,
SWXT10013-b,油门杆动作,bool,/,实物系统（PLC）,SWXT,TCP,输入,1,S,SWXT10013_B,虚拟操作,XNCZ,OPC UA客户端,油门杆动作,,,,,,,
SWXT10014-b,油门杆供电正常,bool,/,实物系统（PLC）,SWXT,TCP,输入,1,S,SWXT10014_B,虚拟操作,XNCZ,OPC UA客户端,油门杆供电正常,,,,,,,
SWXT10015-b,反馈板电源正常,bool,/,实物系统（PLC）,SWXT,TCP,输入,1,S,SWXT10015_B,虚拟操作,XNCZ,OPC UA客户端,反馈板电源正常,,,,,,,
SWXT10016-b,使能停止校验,bool,/,实物系统（PLC）,SWXT,TCP,输入,1,S,SWXT10016_B,虚拟操作,XNCZ,OPC UA客户端,使能停止校验,,,,,,,
SWXT10017-b,停车开关关信号,bool,/,实物系统（PLC）,SWXT,TCP,输入,1,S,SWXT10017_B,虚拟操作,XNCZ,OPC UA客户端,停车开关关信号,,,,,,,
SWXT10018-b,停车开关开信号,bool,/,实物系统（PLC）,SWXT,TCP,输入,1,S,SWXT10018_B,虚拟操作,XNCZ,OPC UA客户端,停车开关开信号,,,,,,,
SWXT10019-b,低压泵运行反馈,bool,/,实物系统（PLC）,SWXT,TCP,输入,1,S,SWXT10019_B,虚拟操作,XNCZ,OPC UA客户端,低压泵运行反馈,,,,,,,
SWXT10020-b,滑油泵运行反馈,bool,/,实物系统（PLC）,SWXT,TCP,输入,1,S,SWXT10020_B,虚拟操作,XNCZ,OPC UA客户端,滑油泵运行反馈,,,,,,,
SWXT10021-b,被试泵运行反馈,bool,/,实物系统（PLC）,SWXT,TCP,输入,1,S,SWXT10021_B,虚拟操作,XNCZ,OPC UA客户端,被试泵运行反馈,,,,,,,
SWXT10022-b,上位机手动故障复位,bool,/,实物系统（PLC）,SWXT,TCP,输入,1,S,SWXT10022_B,虚拟操作,XNCZ,OPC UA客户端,上位机手动故障复位,,,,,,,
SWXT10023-b,油门设定值偏差报警,bool,/,实物系统（PLC）,SWXT,TCP,输入,1,S,SWXT10023_B,虚拟操作,XNCZ,OPC UA客户端,油门设定值偏差报警,,,,,,,
SWXT10024-b,油门输入输出差报警,bool,/,实物系统（PLC）,SWXT,TCP,输入,1,S,SWXT10024_B,虚拟操作,XNCZ,OPC UA客户端,油门输入输出差报警,,,,,,,
SWXT10025-b,FCV001输入输出差值报警,bool,/,实物系统（PLC）,SWXT,TCP,输入,1,S,SWXT10025_B,虚拟操作,XNCZ,OPC UA客户端,FCV001输入输出差值报警,,,,,,,
SWXT10026-b,FCV002输入输出差值报警,bool,/,实物系统（PLC）,SWXT,TCP,输入,1,S,SWXT10026_B,虚拟操作,XNCZ,OPC UA客户端,FCV002输入输出差值报警,,,,,,,
SWXT10027-b,FT005流量超限报警,bool,/,实物系统（PLC）,SWXT,TCP,输入,1,S,SWXT10027_B,虚拟操作,XNCZ,OPC UA客户端,FT005流量超限报警,,,,,,,
SWXT10028-b,低压泵后压力上限报警,bool,/,实物系统（PLC）,SWXT,TCP,输入,1,S,SWXT10028_B,虚拟操作,XNCZ,OPC UA客户端,低压泵后压力上限报警,,,,,,,
SWXT10029-b,被试泵入口压力下限报警,bool,/,实物系统（PLC）,SWXT,TCP,输入,1,S,SWXT10029_B,虚拟操作,XNCZ,OPC UA客户端,被试泵入口压力下限报警,,,,,,,
SWXT10030-b,被试泵出口压力上限报警,bool,/,实物系统（PLC）,SWXT,TCP,输入,1,S,SWXT10030_B,虚拟操作,XNCZ,OPC UA客户端,被试泵出口压力上限报警,,,,,,,
SWXT10031-b,自动油滤压力上限报警,bool,/,实物系统（PLC）,SWXT,TCP,输入,1,S,SWXT10031_B,虚拟操作,XNCZ,OPC UA客户端,自动油滤压力上限报警,,,,,,,
SWXT10032-b,冷却水压力下限报警,bool,/,实物系统（PLC）,SWXT,TCP,输入,1,S,SWXT10032_B,虚拟操作,XNCZ,OPC UA客户端,冷却水压力下限报警,,,,,,,
SWXT10033-b,被试泵转速超范围报警,bool,/,实物系统（PLC）,SWXT,TCP,输入,1,S,SWXT10033_B,虚拟操作,XNCZ,OPC UA客户端,被试泵转速超范围报警,,,,,,,
SWXT10034-b,转速输入输出差值报警,bool,/,实物系统（PLC）,SWXT,TCP,输入,1,S,SWXT10034_B,虚拟操作,XNCZ,OPC UA客户端,转速输入输出差值报警,,,,,,,
SWXT10035-b,被试泵入口温度上限报警,bool,/,实物系统（PLC）,SWXT,TCP,输入,1,S,SWXT10035_B,虚拟操作,XNCZ,OPC UA客户端,被试泵入口温度上限报警,,,,,,,
SWXT10036-d,低压电动调节阀输出,double,%,实物系统（PLC）,SWXT,TCP,输入,1,S,SWXT10036_D,虚拟操作,XNCZ,OPC UA客户端,低压电动调节阀输出,,,,,,,
SWXT10037-d,高压电动调节阀输出,double,%,实物系统（PLC）,SWXT,TCP,输入,1,S,SWXT10037_D,虚拟操作,XNCZ,OPC UA客户端,高压电动调节阀输出,,,,,,,
SWXT10038-d,油门位置反馈,double,°,实物系统（PLC）,SWXT,TCP,输入,1,S,SWXT10038_D,虚拟操作,XNCZ,OPC UA客户端,油门位置反馈,,,,,,,
SWXT10039-d,被试泵转速,double,r/min,实物系统（PLC）,SWXT,TCP,输入,1,S,SWXT10039_D,虚拟操作,XNCZ,OPC UA客户端,被试泵转速,,,,,,,
SWXT10040-b,低压供油系统截止阀,bool,/,实物系统（PLC）,SWXT,TCP,输入,1,S,SWXT10040_B,虚拟操作,XNCZ,OPC UA客户端,低压供油系统截止阀,,,,,,,
SWXT10041-b,冷却水供水手动截止阀,bool,/,实物系统（PLC）,SWXT,TCP,输入,1,S,SWXT10041_B,虚拟操作,XNCZ,OPC UA客户端,冷却水供水手动截止阀,,,,,,,
SWXT10042-b,起动油路燃油电磁阀,bool,/,实物系统（PLC）,SWXT,TCP,输入,1,S,SWXT10042_B,虚拟操作,XNCZ,OPC UA客户端,起动油路燃油电磁阀,,,,,,,
SWXT10043-b,故障排放阀,bool,/,实物系统（PLC）,SWXT,TCP,输入,1,S,SWXT10043_B,虚拟操作,XNCZ,OPC UA客户端,故障排放阀,,,,,,,
SWXT20001-d,低压泵后压力,double,MPa,实物系统（PLC）,SWXT,TCP,输入,1,S,SWXT20001_D,虚拟操作,XNCZ,OPC UA客户端,低压泵后压力,,,,,,,
SWXT20002-d,被试泵入口压力,double,MPa,实物系统（PLC）,SWXT,TCP,输入,1,S,SWXT20002_D,虚拟操作,XNCZ,OPC UA客户端,被试泵入口压力,,,,,,,
SWXT20003-d,燃油滤前压力,double,MPa,实物系统（PLC）,SWXT,TCP,输入,1,S,SWXT20003_D,虚拟操作,XNCZ,OPC UA客户端,燃油滤前压力,,,,,,,
SWXT20004-d,燃油泵出口压力,double,MPa,实物系统（PLC）,SWXT,TCP,输入,1,S,SWXT20004_D,虚拟操作,XNCZ,OPC UA客户端,燃油泵出口压力,,,,,,,
SWXT20005-d,调节器出口压力,double,MPa,实物系统（PLC）,SWXT,TCP,输入,1,S,SWXT20005_D,虚拟操作,XNCZ,OPC UA客户端,调节器出口压力,,,,,,,
SWXT20006-d,1#油路压力,double,MPa,实物系统（PLC）,SWXT,TCP,输入,1,S,SWXT20006_D,虚拟操作,XNCZ,OPC UA客户端,1#油路压力,,,,,,,
SWXT20007-d,2#管路压力,double,MPa,实物系统（PLC）,SWXT,TCP,输入,1,S,SWXT20007_D,虚拟操作,XNCZ,OPC UA客户端,2#管路压力,,,,,,,
SWXT20008-d,喷嘴后压力,double,MPa,实物系统（PLC）,SWXT,TCP,输入,1,S,SWXT20008_D,虚拟操作,XNCZ,OPC UA客户端,喷嘴后压力,,,,,,,
SWXT20009-d,起动油路燃油压力,double,MPa,实物系统（PLC）,SWXT,TCP,输入,1,S,SWXT20009_D,虚拟操作,XNCZ,OPC UA客户端,起动油路燃油压力,,,,,,,
SWXT20010-d,冷却水入口压力,double,MPa,实物系统（PLC）,SWXT,TCP,输入,1,S,SWXT20010_D,虚拟操作,XNCZ,OPC UA客户端,冷却水入口压力,,,,,,,
SWXT20011-d,被试泵入口温度,double,℃,实物系统（PLC）,SWXT,TCP,输入,1,S,SWXT20011_D,虚拟操作,XNCZ,OPC UA客户端,被试泵入口温度,,,,,,,
SWXT20012-d,流量计处回油温度,double,℃,实物系统（PLC）,SWXT,TCP,输入,1,S,SWXT20012_D,虚拟操作,XNCZ,OPC UA客户端,流量计处回油温度,,,,,,,
SWXT20013-d,冷却水进口温度,double,℃,实物系统（PLC）,SWXT,TCP,输入,1,S,SWXT20013_D,虚拟操作,XNCZ,OPC UA客户端,冷却水进口温度,,,,,,,
SWXT20014-d,FT005燃油流量,double,L/h，kg/h,实物系统（PLC）,SWXT,TCP,输入,1,S,SWXT20014_D,虚拟操作,XNCZ,OPC UA客户端,FT005燃油流量,,,,,,,
SWXT20015-d,燃油调节阀进出口压差,double,MPa,实物系统（PLC）,SWXT,TCP,输入,1,S,SWXT20015_D,虚拟操作,XNCZ,OPC UA客户端,燃油调节阀进出口压差,,,,,,,
XNCZ10001-b,1#管路流量PID手自动0手动1自动,bool,/,虚拟操作,XNCZ,OPC UA客户端,输出,1,S,XNCZ10001_B,,,,,仿真系统,FZXT,TCP,1#管路流量PID手自动0手动1自动,,,,
XNCZ10001-b,1#管路流量PID手自动0手动1自动,bool,/,虚拟操作,XNCZ,OPC UA客户端,输出,1,S,XNCZ10001_B,,,,,实物系统（数采）,SWSC,TCP,1#管路流量PID手自动0手动1自动,5027,,,
XNCZ10001-b,1#管路流量PID手自动0手动1自动,bool,/,虚拟操作,XNCZ,OPC UA客户端,输出,1,S,XNCZ10001_B,,,,,实物系统（PLC）,SWXT,TCP,1#管路流量PID手自动0手动1自动,2,S,Channel2.Device2.Control.1PipeLineFlowSWM,
XNCZ10002-b,1#管路压力PID手自动0手动1自动,bool,/,虚拟操作,XNCZ,OPC UA客户端,输出,1,S,XNCZ10002_B,,,,,仿真系统,FZXT,TCP,1#管路压力PID手自动0手动1自动,,,,
XNCZ10002-b,1#管路压力PID手自动0手动1自动,bool,/,虚拟操作,XNCZ,OPC UA客户端,输出,1,S,XNCZ10002_B,,,,,实物系统（数采）,SWSC,TCP,1#管路压力PID手自动0手动1自动,5028,,,
XNCZ10002-b,1#管路压力PID手自动0手动1自动,bool,/,虚拟操作,XNCZ,OPC UA客户端,输出,1,S,XNCZ10002_B,,,,,实物系统（PLC）,SWXT,TCP,1#管路压力PID手自动0手动1自动,2,S,Channel2.Device2.Control.1PipeLinePressureSWM,
XNCZ10003-b,起动燃油电磁阀启动,bool,/,虚拟操作,XNCZ,OPC UA客户端,输出,1,S,XNCZ10003_B,,,,,仿真系统,FZXT,TCP,起动燃油电磁阀启动,,,,
XNCZ10003-b,起动燃油电磁阀启动,bool,/,虚拟操作,XNCZ,OPC UA客户端,输出,1,S,XNCZ10003_B,,,,,实物系统（数采）,SWSC,TCP,起动燃油电磁阀启动,5039,,,
XNCZ10003-b,起动燃油电磁阀启动,bool,/,虚拟操作,XNCZ,OPC UA客户端,输出,1,S,XNCZ10003_B,,,,,实物系统（PLC）,SWXT,TCP,起动燃油电磁阀启动,2,S,Channel2.Device2.Control.SV006_Start,
XNCZ10004-b,起动燃油电磁阀停止,bool,/,虚拟操作,XNCZ,OPC UA客户端,输出,1,S,XNCZ10004_B,,,,,仿真系统,FZXT,TCP,起动燃油电磁阀停止,,,,
XNCZ10004-b,起动燃油电磁阀停止,bool,/,虚拟操作,XNCZ,OPC UA客户端,输出,1,S,XNCZ10004_B,,,,,实物系统（数采）,SWSC,TCP,起动燃油电磁阀停止,5040,,,
XNCZ10004-b,起动燃油电磁阀停止,bool,/,虚拟操作,XNCZ,OPC UA客户端,输出,1,S,XNCZ10004_B,,,,,实物系统（PLC）,SWXT,TCP,起动燃油电磁阀停止,2,S,Channel2.Device2.Control.SV006_Stop,
XNCZ10005-b,停车开关正转,bool,/,虚拟操作,XNCZ,OPC UA客户端,输出,1,S,XNCZ10005_B,,,,,仿真系统,FZXT,TCP,停车开关正转,,,,
XNCZ10005-b,停车开关正转,bool,/,虚拟操作,XNCZ,OPC UA客户端,输出,1,S,XNCZ10005_B,,,,,实物系统（数采）,SWSC,TCP,停车开关正转,5041,,,
XNCZ10005-b,停车开关正转,bool,/,虚拟操作,XNCZ,OPC UA客户端,输出,1,S,XNCZ10005_B,,,,,实物系统（PLC）,SWXT,TCP,停车开关正转,2,S,Channel2.Device2.Control.SV007_Start,
XNCZ10006-b,停车开关停止,bool,/,虚拟操作,XNCZ,OPC UA客户端,输出,1,S,XNCZ10006_B,,,,,仿真系统,FZXT,TCP,停车开关停止,,,,
XNCZ10006-b,停车开关停止,bool,/,虚拟操作,XNCZ,OPC UA客户端,输出,1,S,XNCZ10006_B,,,,,实物系统（数采）,SWSC,TCP,停车开关停止,5042,,,
XNCZ10006-b,停车开关停止,bool,/,虚拟操作,XNCZ,OPC UA客户端,输出,1,S,XNCZ10006_B,,,,,实物系统（PLC）,SWXT,TCP,停车开关停止,2,S,Channel2.Device2.Control.SV007_Stop,
XNCZ10007-b,故障排放阀启动,bool,/,虚拟操作,XNCZ,OPC UA客户端,输出,1,S,XNCZ10007_B,,,,,仿真系统,FZXT,TCP,故障排放阀启动,,,,
XNCZ10007-b,故障排放阀启动,bool,/,虚拟操作,XNCZ,OPC UA客户端,输出,1,S,XNCZ10007_B,,,,,实物系统（数采）,SWSC,TCP,故障排放阀启动,5043,,,
XNCZ10007-b,故障排放阀启动,bool,/,虚拟操作,XNCZ,OPC UA客户端,输出,1,S,XNCZ10007_B,,,,,实物系统（PLC）,SWXT,TCP,故障排放阀启动,2,S,Channel2.Device2.Control.SV009_Start,
XNCZ10008-b,故障排放阀停止,bool,/,虚拟操作,XNCZ,OPC UA客户端,输出,1,S,XNCZ10008_B,,,,,仿真系统,FZXT,TCP,故障排放阀停止,,,,
XNCZ10008-b,故障排放阀停止,bool,/,虚拟操作,XNCZ,OPC UA客户端,输出,1,S,XNCZ10008_B,,,,,实物系统（数采）,SWSC,TCP,故障排放阀停止,5044,,,
XNCZ10008-b,故障排放阀停止,bool,/,虚拟操作,XNCZ,OPC UA客户端,输出,1,S,XNCZ10008_B,,,,,实物系统（PLC）,SWXT,TCP,故障排放阀停止,2,S,Channel2.Device2.Control.SV009_Stop,
XNCZ10009-b,停车开关反转,bool,/,虚拟操作,XNCZ,OPC UA客户端,输出,1,S,XNCZ10009_B,,,,,仿真系统,FZXT,TCP,停车开关反转,,,,
XNCZ10009-b,停车开关反转,bool,/,虚拟操作,XNCZ,OPC UA客户端,输出,1,S,XNCZ10009_B,,,,,实物系统（数采）,SWSC,TCP,停车开关反转,5045,,,
XNCZ10009-b,停车开关反转,bool,/,虚拟操作,XNCZ,OPC UA客户端,输出,1,S,XNCZ10009_B,,,,,实物系统（PLC）,SWXT,TCP,停车开关反转,2,S,Channel2.Device2.Control.SV010_Start,
XNCZ10010-b,逻辑板电源正常,bool,/,虚拟操作,XNCZ,OPC UA客户端,输出,1,S,XNCZ10010_B,,,,,仿真系统,FZXT,TCP,逻辑板电源正常,,,,
XNCZ10010-b,逻辑板电源正常,bool,/,虚拟操作,XNCZ,OPC UA客户端,输出,1,S,XNCZ10010_B,,,,,实物系统（数采）,SWSC,TCP,逻辑板电源正常,5064,,,
XNCZ10010-b,逻辑板电源正常,bool,/,虚拟操作,XNCZ,OPC UA客户端,输出,1,S,XNCZ10010_B,,,,,实物系统（PLC）,SWXT,TCP,逻辑板电源正常,2,S,Channel2.Device2.Signal.FK060,
XNCZ10011-b,起动燃油电磁阀,bool,/,虚拟操作,XNCZ,OPC UA客户端,输出,1,S,XNCZ10011_B,,,,,仿真系统,FZXT,TCP,起动燃油电磁阀,,,,
XNCZ10011-b,起动燃油电磁阀,bool,/,虚拟操作,XNCZ,OPC UA客户端,输出,1,S,XNCZ10011_B,,,,,实物系统（数采）,SWSC,TCP,起动燃油电磁阀,5072,,,
XNCZ10011-b,起动燃油电磁阀,bool,/,虚拟操作,XNCZ,OPC UA客户端,输出,1,S,XNCZ10011_B,,,,,实物系统（PLC）,SWXT,TCP,起动燃油电磁阀,2,S,Channel2.Device2.Signal.SV006,
XNCZ10012-b,故障排放阀,bool,/,虚拟操作,XNCZ,OPC UA客户端,输出,1,S,XNCZ10012_B,,,,,仿真系统,FZXT,TCP,故障排放阀,,,,
XNCZ10012-b,故障排放阀,bool,/,虚拟操作,XNCZ,OPC UA客户端,输出,1,S,XNCZ10012_B,,,,,实物系统（数采）,SWSC,TCP,故障排放阀,5073,,,
XNCZ10012-b,故障排放阀,bool,/,虚拟操作,XNCZ,OPC UA客户端,输出,1,S,XNCZ10012_B,,,,,实物系统（PLC）,SWXT,TCP,故障排放阀,2,S,Channel2.Device2.Signal.SV009,
XNCZ10013-b,低压泵手动启动,bool,/,虚拟操作,XNCZ,OPC UA客户端,输出,1,S,XNCZ10013_B,,,,,仿真系统,FZXT,TCP,低压泵手动启动,,,,
XNCZ10013-b,低压泵手动启动,bool,/,虚拟操作,XNCZ,OPC UA客户端,输出,1,S,XNCZ10013_B,,,,,实物系统（数采）,SWSC,TCP,低压泵手动启动,5030,,,
XNCZ10013-b,低压泵手动启动,bool,/,虚拟操作,XNCZ,OPC UA客户端,输出,1,S,XNCZ10013_B,,,,,实物系统（PLC）,SWXT,TCP,低压泵手动启动,2,S,Channel2.Device2.Control.P002_ManStart,
XNCZ10014-b,低压泵手动停止,bool,/,虚拟操作,XNCZ,OPC UA客户端,输出,1,S,XNCZ10014_B,,,,,仿真系统,FZXT,TCP,低压泵手动停止,,,,
XNCZ10014-b,低压泵手动停止,bool,/,虚拟操作,XNCZ,OPC UA客户端,输出,1,S,XNCZ10014_B,,,,,实物系统（数采）,SWSC,TCP,低压泵手动停止,5031,,,
XNCZ10014-b,低压泵手动停止,bool,/,虚拟操作,XNCZ,OPC UA客户端,输出,1,S,XNCZ10014_B,,,,,实物系统（PLC）,SWXT,TCP,低压泵手动停止,2,S,Channel2.Device2.Control.P002_ManStop,
XNCZ10015-b,被试泵手动启动,bool,/,虚拟操作,XNCZ,OPC UA客户端,输出,1,S,XNCZ10015_B,,,,,仿真系统,FZXT,TCP,被试泵手动启动,,,,
XNCZ10015-b,被试泵手动启动,bool,/,虚拟操作,XNCZ,OPC UA客户端,输出,1,S,XNCZ10015_B,,,,,实物系统（数采）,SWSC,TCP,被试泵手动启动,5032,,,
XNCZ10015-b,被试泵手动启动,bool,/,虚拟操作,XNCZ,OPC UA客户端,输出,1,S,XNCZ10015_B,,,,,实物系统（PLC）,SWXT,TCP,被试泵手动启动,2,S,Channel2.Device2.Control.P004_ManStart,
XNCZ10016-b,被试泵手动停止,bool,/,虚拟操作,XNCZ,OPC UA客户端,输出,1,S,XNCZ10016_B,,,,,仿真系统,FZXT,TCP,被试泵手动停止,,,,
XNCZ10016-b,被试泵手动停止,bool,/,虚拟操作,XNCZ,OPC UA客户端,输出,1,S,XNCZ10016_B,,,,,实物系统（数采）,SWSC,TCP,被试泵手动停止,5033,,,
XNCZ10016-b,被试泵手动停止,bool,/,虚拟操作,XNCZ,OPC UA客户端,输出,1,S,XNCZ10016_B,,,,,实物系统（PLC）,SWXT,TCP,被试泵手动停止,2,S,Channel2.Device2.Control.P004_ManStop,
XNCZ10017-b,被试泵入口压力PID手自动0手动1自动,bool,/,虚拟操作,XNCZ,OPC UA客户端,输出,1,S,XNCZ10017_B,,,,,仿真系统,FZXT,TCP,被试泵入口压力PID手自动0手动1自动,,,,
XNCZ10017-b,被试泵入口压力PID手自动0手动1自动,bool,/,虚拟操作,XNCZ,OPC UA客户端,输出,1,S,XNCZ10017_B,,,,,实物系统（数采）,SWSC,TCP,被试泵入口压力PID手自动0手动1自动,5036,,,
XNCZ10017-b,被试泵入口压力PID手自动0手动1自动,bool,/,虚拟操作,XNCZ,OPC UA客户端,输出,1,S,XNCZ10017_B,,,,,实物系统（PLC）,SWXT,TCP,被试泵入口压力PID手自动0手动1自动,2,S,Channel2.Device2.Control.PumpInPressureSWM,
XNCZ10018-b,被试泵速度PID手自动0手动，1自动,bool,/,虚拟操作,XNCZ,OPC UA客户端,输出,1,S,XNCZ10018_B,,,,,仿真系统,FZXT,TCP,被试泵速度PID手自动0手动，1自动,,,,
XNCZ10018-b,被试泵速度PID手自动0手动，1自动,bool,/,虚拟操作,XNCZ,OPC UA客户端,输出,1,S,XNCZ10018_B,,,,,实物系统（数采）,SWSC,TCP,被试泵速度PID手自动0手动，1自动,5038,,,
XNCZ10018-b,被试泵速度PID手自动0手动，1自动,bool,/,虚拟操作,XNCZ,OPC UA客户端,输出,1,S,XNCZ10018_B,,,,,实物系统（PLC）,SWXT,TCP,被试泵速度PID手自动0手动，1自动,2,S,Channel2.Device2.Control.SpeedOfRevSWM,
XNCZ10019-d,低压电动调节阀开度输入,double,%,虚拟操作,XNCZ,OPC UA客户端,输出,1,S,XNCZ10019_D,,,,,仿真系统,FZXT,TCP,低压电动调节阀开度输入,,,,
XNCZ10019-d,低压电动调节阀开度输入,double,%,虚拟操作,XNCZ,OPC UA客户端,输出,1,S,XNCZ10019_D,,,,,实物系统（数采）,SWSC,TCP,低压电动调节阀开度输入,5034,,,
XNCZ10019-d,低压电动调节阀开度输入,double,%,虚拟操作,XNCZ,OPC UA客户端,输出,1,S,XNCZ10019_D,,,,,实物系统（PLC）,SWXT,TCP,低压电动调节阀开度输入,2,S,Channel2.Device2.Control.PT002PID_SO,
XNCZ10020-d,高压电动调节阀开度输入,double,%,虚拟操作,XNCZ,OPC UA客户端,输出,1,S,XNCZ10020_D,,,,,仿真系统,FZXT,TCP,高压电动调节阀开度输入,,,,
XNCZ10020-d,高压电动调节阀开度输入,double,%,虚拟操作,XNCZ,OPC UA客户端,输出,1,S,XNCZ10020_D,,,,,实物系统（数采）,SWSC,TCP,高压电动调节阀开度输入,5035,,,
XNCZ10020-d,高压电动调节阀开度输入,double,%,虚拟操作,XNCZ,OPC UA客户端,输出,1,S,XNCZ10020_D,,,,,实物系统（PLC）,SWXT,TCP,高压电动调节阀开度输入,2,S,Channel2.Device2.Control.PT005PID_SO,
XNCZ10021-d,被试泵转速输入,double,r/min,虚拟操作,XNCZ,OPC UA客户端,输出,1,S,XNCZ10021_D,,,,,仿真系统,FZXT,TCP,被试泵转速输入,,,,
XNCZ10021-d,被试泵转速输入,double,r/min,虚拟操作,XNCZ,OPC UA客户端,输出,1,S,XNCZ10021_D,,,,,实物系统（数采）,SWSC,TCP,被试泵转速输入,5037,,,
XNCZ10021-d,被试泵转速输入,double,r/min,虚拟操作,XNCZ,OPC UA客户端,输出,1,S,XNCZ10021_D,,,,,实物系统（PLC）,SWXT,TCP,被试泵转速输入,2,S,Channel2.Device2.Control.S001PID_SO,
XNCZ10022-d,油门位置指令,double,%,虚拟操作,XNCZ,OPC UA客户端,输出,1,S,XNCZ10022_D,,,,,仿真系统,FZXT,TCP,油门位置指令,,,,
XNCZ10022-d,油门位置指令,double,%,虚拟操作,XNCZ,OPC UA客户端,输出,1,S,XNCZ10022_D,,,,,实物系统（数采）,SWSC,TCP,油门位置指令,5029,,,
XNCZ10022-d,油门位置指令,double,%,虚拟操作,XNCZ,OPC UA客户端,输出,1,S,XNCZ10022_D,,,,,实物系统（PLC）,SWXT,TCP,油门位置指令,2,S,Channel2.Device2.Control.FA016,
XNCZ10023-b,冷却水供水手动截止阀,bool,/,虚拟操作,XNCZ,OPC UA客户端,输出,1,S,XNCZ10023_B,,,,,仿真系统,FZXT,TCP,冷却水供水手动截止阀,,,,
XNCZ10023-b,冷却水供水手动截止阀,bool,/,虚拟操作,XNCZ,OPC UA客户端,输出,1,S,XNCZ10023_B,,,,,实物系统（数采）,SWSC,TCP,冷却水供水手动截止阀,,,,
XNCZ10023-b,冷却水供水手动截止阀,bool,/,虚拟操作,XNCZ,OPC UA客户端,输出,1,S,XNCZ10023_B,,,,,实物系统（PLC）,SWXT,TCP,冷却水供水手动截止阀,,,,
XNCZ10024-b,低压供油系统回油手动截止阀,bool,/,虚拟操作,XNCZ,OPC UA客户端,输出,1,S,XNCZ10024_B,,,,,仿真系统,FZXT,TCP,低压供油系统回油手动截止阀,,,,
XNCZ10024-b,低压供油系统回油手动截止阀,bool,/,虚拟操作,XNCZ,OPC UA客户端,输出,1,S,XNCZ10024_B,,,,,实物系统（数采）,SWSC,TCP,低压供油系统回油手动截止阀,,,,
XNCZ10024-b,低压供油系统回油手动截止阀,bool,/,虚拟操作,XNCZ,OPC UA客户端,输出,1,S,XNCZ10024_B,,,,,实物系统（PLC）,SWXT,TCP,低压供油系统回油手动截止阀,,,,
XNCZ10025-b,低压供油系统供油手动截止阀,bool,/,虚拟操作,XNCZ,OPC UA客户端,输出,1,S,XNCZ10025_B,,,,,仿真系统,FZXT,TCP,低压供油系统供油手动截止阀,,,,
XNCZ10025-b,低压供油系统供油手动截止阀,bool,/,虚拟操作,XNCZ,OPC UA客户端,输出,1,S,XNCZ10025_B,,,,,实物系统（数采）,SWSC,TCP,低压供油系统供油手动截止阀,,,,
XNCZ10025-b,低压供油系统供油手动截止阀,bool,/,虚拟操作,XNCZ,OPC UA客户端,输出,1,S,XNCZ10025_B,,,,,实物系统（PLC）,SWXT,TCP,低压供油系统供油手动截止阀,,,,
XNCZ10001-b,1#管路流量PID手自动0手动1自动,bool,/,虚拟操作,XNCZ,OPC UA客户端,输入,,,,仿真系统,FZXT,TCP,1#管路流量PID手自动0手动1自动,,,,,,,
XNCZ10001-b,1#管路流量PID手自动0手动1自动,bool,/,虚拟操作,XNCZ,OPC UA客户端,输入,5027,,,实物系统（数采）,SWSC,TCP,1#管路流量PID手自动0手动1自动,,,,,,,
XNCZ10001-b,1#管路流量PID手自动0手动1自动,bool,/,虚拟操作,XNCZ,OPC UA客户端,输入,2,S,Channel2.Device2.Control.1PipeLineFlowSWM,实物系统（PLC）,SWXT,TCP,1#管路流量PID手自动0手动1自动,,,,,,,
XNCZ10002-b,1#管路压力PID手自动0手动1自动,bool,/,虚拟操作,XNCZ,OPC UA客户端,输入,,,,仿真系统,FZXT,TCP,1#管路压力PID手自动0手动1自动,,,,,,,
XNCZ10002-b,1#管路压力PID手自动0手动1自动,bool,/,虚拟操作,XNCZ,OPC UA客户端,输入,5028,,,实物系统（数采）,SWSC,TCP,1#管路压力PID手自动0手动1自动,,,,,,,
XNCZ10002-b,1#管路压力PID手自动0手动1自动,bool,/,虚拟操作,XNCZ,OPC UA客户端,输入,2,S,Channel2.Device2.Control.1PipeLinePressureSWM,实物系统（PLC）,SWXT,TCP,1#管路压力PID手自动0手动1自动,,,,,,,
XNCZ10003-b,起动燃油电磁阀启动,bool,/,虚拟操作,XNCZ,OPC UA客户端,输入,,,,仿真系统,FZXT,TCP,起动燃油电磁阀启动,,,,,,,
XNCZ10003-b,起动燃油电磁阀启动,bool,/,虚拟操作,XNCZ,OPC UA客户端,输入,5039,,,实物系统（数采）,SWSC,TCP,起动燃油电磁阀启动,,,,,,,
XNCZ10003-b,起动燃油电磁阀启动,bool,/,虚拟操作,XNCZ,OPC UA客户端,输入,2,S,Channel2.Device2.Control.SV006_Start,实物系统（PLC）,SWXT,TCP,起动燃油电磁阀启动,,,,,,,
XNCZ10004-b,起动燃油电磁阀停止,bool,/,虚拟操作,XNCZ,OPC UA客户端,输入,,,,仿真系统,FZXT,TCP,起动燃油电磁阀停止,,,,,,,
XNCZ10004-b,起动燃油电磁阀停止,bool,/,虚拟操作,XNCZ,OPC UA客户端,输入,5040,,,实物系统（数采）,SWSC,TCP,起动燃油电磁阀停止,,,,,,,
XNCZ10004-b,起动燃油电磁阀停止,bool,/,虚拟操作,XNCZ,OPC UA客户端,输入,2,S,Channel2.Device2.Control.SV006_Stop,实物系统（PLC）,SWXT,TCP,起动燃油电磁阀停止,,,,,,,
XNCZ10005-b,停车开关正转,bool,/,虚拟操作,XNCZ,OPC UA客户端,输入,,,,仿真系统,FZXT,TCP,停车开关正转,,,,,,,
XNCZ10005-b,停车开关正转,bool,/,虚拟操作,XNCZ,OPC UA客户端,输入,5041,,,实物系统（数采）,SWSC,TCP,停车开关正转,,,,,,,
XNCZ10005-b,停车开关正转,bool,/,虚拟操作,XNCZ,OPC UA客户端,输入,2,S,Channel2.Device2.Control.SV007_Start,实物系统（PLC）,SWXT,TCP,停车开关正转,,,,,,,
XNCZ10006-b,停车开关停止,bool,/,虚拟操作,XNCZ,OPC UA客户端,输入,,,,仿真系统,FZXT,TCP,停车开关停止,,,,,,,
XNCZ10006-b,停车开关停止,bool,/,虚拟操作,XNCZ,OPC UA客户端,输入,5042,,,实物系统（数采）,SWSC,TCP,停车开关停止,,,,,,,
XNCZ10006-b,停车开关停止,bool,/,虚拟操作,XNCZ,OPC UA客户端,输入,2,S,Channel2.Device2.Control.SV007_Stop,实物系统（PLC）,SWXT,TCP,停车开关停止,,,,,,,
XNCZ10007-b,故障排放阀启动,bool,/,虚拟操作,XNCZ,OPC UA客户端,输入,,,,仿真系统,FZXT,TCP,故障排放阀启动,,,,,,,
XNCZ10007-b,故障排放阀启动,bool,/,虚拟操作,XNCZ,OPC UA客户端,输入,5043,,,实物系统（数采）,SWSC,TCP,故障排放阀启动,,,,,,,
XNCZ10007-b,故障排放阀启动,bool,/,虚拟操作,XNCZ,OPC UA客户端,输入,2,S,Channel2.Device2.Control.SV009_Start,实物系统（PLC）,SWXT,TCP,故障排放阀启动,,,,,,,
XNCZ10008-b,故障排放阀停止,bool,/,虚拟操作,XNCZ,OPC UA客户端,输入,,,,仿真系统,FZXT,TCP,故障排放阀停止,,,,,,,
XNCZ10008-b,故障排放阀停止,bool,/,虚拟操作,XNCZ,OPC UA客户端,输入,5044,,,实物系统（数采）,SWSC,TCP,故障排放阀停止,,,,,,,
XNCZ10008-b,故障排放阀停止,bool,/,虚拟操作,XNCZ,OPC UA客户端,输入,2,S,Channel2.Device2.Control.SV009_Stop,实物系统（PLC）,SWXT,TCP,故障排放阀停止,,,,,,,
XNCZ10009-b,停车开关反转,bool,/,虚拟操作,XNCZ,OPC UA客户端,输入,,,,仿真系统,FZXT,TCP,停车开关反转,,,,,,,
XNCZ10009-b,停车开关反转,bool,/,虚拟操作,XNCZ,OPC UA客户端,输入,5045,,,实物系统（数采）,SWSC,TCP,停车开关反转,,,,,,,
XNCZ10009-b,停车开关反转,bool,/,虚拟操作,XNCZ,OPC UA客户端,输入,2,S,Channel2.Device2.Control.SV010_Start,实物系统（PLC）,SWXT,TCP,停车开关反转,,,,,,,
XNCZ10010-b,逻辑板电源正常,bool,/,虚拟操作,XNCZ,OPC UA客户端,输入,,,,仿真系统,FZXT,TCP,逻辑板电源正常,,,,,,,
XNCZ10010-b,逻辑板电源正常,bool,/,虚拟操作,XNCZ,OPC UA客户端,输入,5064,,,实物系统（数采）,SWSC,TCP,逻辑板电源正常,,,,,,,
XNCZ10010-b,逻辑板电源正常,bool,/,虚拟操作,XNCZ,OPC UA客户端,输入,2,S,Channel2.Device2.Signal.FK060,实物系统（PLC）,SWXT,TCP,逻辑板电源正常,,,,,,,
XNCZ10011-b,起动燃油电磁阀,bool,/,虚拟操作,XNCZ,OPC UA客户端,输入,,,,仿真系统,FZXT,TCP,起动燃油电磁阀,,,,,,,
XNCZ10011-b,起动燃油电磁阀,bool,/,虚拟操作,XNCZ,OPC UA客户端,输入,5072,,,实物系统（数采）,SWSC,TCP,起动燃油电磁阀,,,,,,,
XNCZ10011-b,起动燃油电磁阀,bool,/,虚拟操作,XNCZ,OPC UA客户端,输入,2,S,Channel2.Device2.Signal.SV006,实物系统（PLC）,SWXT,TCP,起动燃油电磁阀,,,,,,,
XNCZ10012-b,故障排放阀,bool,/,虚拟操作,XNCZ,OPC UA客户端,输入,,,,仿真系统,FZXT,TCP,故障排放阀,,,,,,,
XNCZ10012-b,故障排放阀,bool,/,虚拟操作,XNCZ,OPC UA客户端,输入,5073,,,实物系统（数采）,SWSC,TCP,故障排放阀,,,,,,,
XNCZ10012-b,故障排放阀,bool,/,虚拟操作,XNCZ,OPC UA客户端,输入,2,S,Channel2.Device2.Signal.SV009,实物系统（PLC）,SWXT,TCP,故障排放阀,,,,,,,
XNCZ10013-b,低压泵手动启动,bool,/,虚拟操作,XNCZ,OPC UA客户端,输入,,,,仿真系统,FZXT,TCP,低压泵手动启动,,,,,,,
XNCZ10013-b,低压泵手动启动,bool,/,虚拟操作,XNCZ,OPC UA客户端,输入,5030,,,实物系统（数采）,SWSC,TCP,低压泵手动启动,,,,,,,
XNCZ10013-b,低压泵手动启动,bool,/,虚拟操作,XNCZ,OPC UA客户端,输入,2,S,Channel2.Device2.Control.P002_ManStart,实物系统（PLC）,SWXT,TCP,低压泵手动启动,,,,,,,
XNCZ10014-b,低压泵手动停止,bool,/,虚拟操作,XNCZ,OPC UA客户端,输入,,,,仿真系统,FZXT,TCP,低压泵手动停止,,,,,,,
XNCZ10014-b,低压泵手动停止,bool,/,虚拟操作,XNCZ,OPC UA客户端,输入,5031,,,实物系统（数采）,SWSC,TCP,低压泵手动停止,,,,,,,
XNCZ10014-b,低压泵手动停止,bool,/,虚拟操作,XNCZ,OPC UA客户端,输入,2,S,Channel2.Device2.Control.P002_ManStop,实物系统（PLC）,SWXT,TCP,低压泵手动停止,,,,,,,
XNCZ10015-b,被试泵手动启动,bool,/,虚拟操作,XNCZ,OPC UA客户端,输入,,,,仿真系统,FZXT,TCP,被试泵手动启动,,,,,,,
XNCZ10015-b,被试泵手动启动,bool,/,虚拟操作,XNCZ,OPC UA客户端,输入,5032,,,实物系统（数采）,SWSC,TCP,被试泵手动启动,,,,,,,
XNCZ10015-b,被试泵手动启动,bool,/,虚拟操作,XNCZ,OPC UA客户端,输入,2,S,Channel2.Device2.Control.P004_ManStart,实物系统（PLC）,SWXT,TCP,被试泵手动启动,,,,,,,
XNCZ10016-b,被试泵手动停止,bool,/,虚拟操作,XNCZ,OPC UA客户端,输入,,,,仿真系统,FZXT,TCP,被试泵手动停止,,,,,,,
XNCZ10016-b,被试泵手动停止,bool,/,虚拟操作,XNCZ,OPC UA客户端,输入,5033,,,实物系统（数采）,SWSC,TCP,被试泵手动停止,,,,,,,
XNCZ10016-b,被试泵手动停止,bool,/,虚拟操作,XNCZ,OPC UA客户端,输入,2,S,Channel2.Device2.Control.P004_ManStop,实物系统（PLC）,SWXT,TCP,被试泵手动停止,,,,,,,
XNCZ10017-b,被试泵入口压力PID手自动0手动1自动,bool,/,虚拟操作,XNCZ,OPC UA客户端,输入,,,,仿真系统,FZXT,TCP,被试泵入口压力PID手自动0手动1自动,,,,,,,
XNCZ10017-b,被试泵入口压力PID手自动0手动1自动,bool,/,虚拟操作,XNCZ,OPC UA客户端,输入,5036,,,实物系统（数采）,SWSC,TCP,被试泵入口压力PID手自动0手动1自动,,,,,,,
XNCZ10017-b,被试泵入口压力PID手自动0手动1自动,bool,/,虚拟操作,XNCZ,OPC UA客户端,输入,2,S,Channel2.Device2.Control.PumpInPressureSWM,实物系统（PLC）,SWXT,TCP,被试泵入口压力PID手自动0手动1自动,,,,,,,
XNCZ10018-b,被试泵速度PID手自动0手动，1自动,bool,/,虚拟操作,XNCZ,OPC UA客户端,输入,,,,仿真系统,FZXT,TCP,被试泵速度PID手自动0手动，1自动,,,,,,,
XNCZ10018-b,被试泵速度PID手自动0手动，1自动,bool,/,虚拟操作,XNCZ,OPC UA客户端,输入,5038,,,实物系统（数采）,SWSC,TCP,被试泵速度PID手自动0手动，1自动,,,,,,,
XNCZ10018-b,被试泵速度PID手自动0手动，1自动,bool,/,虚拟操作,XNCZ,OPC UA客户端,输入,2,S,Channel2.Device2.Control.SpeedOfRevSWM,实物系统（PLC）,SWXT,TCP,被试泵速度PID手自动0手动，1自动,,,,,,,
XNCZ10019-d,低压电动调节阀开度输入,double,%,虚拟操作,XNCZ,OPC UA客户端,输入,,,,仿真系统,FZXT,TCP,低压电动调节阀开度输入,,,,,,,
XNCZ10019-d,低压电动调节阀开度输入,double,%,虚拟操作,XNCZ,OPC UA客户端,输入,5034,,,实物系统（数采）,SWSC,TCP,低压电动调节阀开度输入,,,,,,,
XNCZ10019-d,低压电动调节阀开度输入,double,%,虚拟操作,XNCZ,OPC UA客户端,输入,2,S,Channel2.Device2.Control.PT002PID_SO,实物系统（PLC）,SWXT,TCP,低压电动调节阀开度输入,,,,,,,
XNCZ10020-d,高压电动调节阀开度输入,double,%,虚拟操作,XNCZ,OPC UA客户端,输入,,,,仿真系统,FZXT,TCP,高压电动调节阀开度输入,,,,,,,
XNCZ10020-d,高压电动调节阀开度输入,double,%,虚拟操作,XNCZ,OPC UA客户端,输入,5035,,,实物系统（数采）,SWSC,TCP,高压电动调节阀开度输入,,,,,,,
XNCZ10020-d,高压电动调节阀开度输入,double,%,虚拟操作,XNCZ,OPC UA客户端,输入,2,S,Channel2.Device2.Control.PT005PID_SO,实物系统（PLC）,SWXT,TCP,高压电动调节阀开度输入,,,,,,,
XNCZ10021-d,被试泵转速输入,double,r/min,虚拟操作,XNCZ,OPC UA客户端,输入,,,,仿真系统,FZXT,TCP,被试泵转速输入,,,,,,,
XNCZ10021-d,被试泵转速输入,double,r/min,虚拟操作,XNCZ,OPC UA客户端,输入,5037,,,实物系统（数采）,SWSC,TCP,被试泵转速输入,,,,,,,
XNCZ10021-d,被试泵转速输入,double,r/min,虚拟操作,XNCZ,OPC UA客户端,输入,2,S,Channel2.Device2.Control.S001PID_SO,实物系统（PLC）,SWXT,TCP,被试泵转速输入,,,,,,,
XNCZ10022-d,油门位置指令,double,%,虚拟操作,XNCZ,OPC UA客户端,输入,,,,仿真系统,FZXT,TCP,油门位置指令,,,,,,,
XNCZ10022-d,油门位置指令,double,%,虚拟操作,XNCZ,OPC UA客户端,输入,5029,,,实物系统（数采）,SWSC,TCP,油门位置指令,,,,,,,
XNCZ10022-d,油门位置指令,double,%,虚拟操作,XNCZ,OPC UA客户端,输入,2,S,Channel2.Device2.Control.FA016,实物系统（PLC）,SWXT,TCP,油门位置指令,,,,,,,
XNCZ10023-b,冷却水供水手动截止阀,bool,/,虚拟操作,XNCZ,OPC UA客户端,输入,,,,仿真系统,FZXT,TCP,冷却水供水手动截止阀,,,,,,,
XNCZ10023-b,冷却水供水手动截止阀,bool,/,虚拟操作,XNCZ,OPC UA客户端,输入,,,,实物系统（数采）,SWSC,TCP,冷却水供水手动截止阀,,,,,,,
XNCZ10023-b,冷却水供水手动截止阀,bool,/,虚拟操作,XNCZ,OPC UA客户端,输入,,,,实物系统（PLC）,SWXT,TCP,冷却水供水手动截止阀,,,,,,,
XNCZ10024-b,低压供油系统回油手动截止阀,bool,/,虚拟操作,XNCZ,OPC UA客户端,输入,,,,仿真系统,FZXT,TCP,低压供油系统回油手动截止阀,,,,,,,
XNCZ10024-b,低压供油系统回油手动截止阀,bool,/,虚拟操作,XNCZ,OPC UA客户端,输入,,,,实物系统（数采）,SWSC,TCP,低压供油系统回油手动截止阀,,,,,,,
XNCZ10024-b,低压供油系统回油手动截止阀,bool,/,虚拟操作,XNCZ,OPC UA客户端,输入,,,,实物系统（PLC）,SWXT,TCP,低压供油系统回油手动截止阀,,,,,,,
XNCZ10025-b,低压供油系统供油手动截止阀,bool,/,虚拟操作,XNCZ,OPC UA客户端,输入,,,,仿真系统,FZXT,TCP,低压供油系统供油手动截止阀,,,,,,,
XNCZ10025-b,低压供油系统供油手动截止阀,bool,/,虚拟操作,XNCZ,OPC UA客户端,输入,,,,实物系统（数采）,SWSC,TCP,低压供油系统供油手动截止阀,,,,,,,
XNCZ10025-b,低压供油系统供油手动截止阀,bool,/,虚拟操作,XNCZ,OPC UA客户端,输入,,,,实物系统（PLC）,SWXT,TCP,低压供油系统供油手动截止阀,,,,,,,
